REGION,DEPARTEMENT,COMMUNE,LIEU DE VOTE,BUREAU,ELECTEURS,IMPLANTATION
DIOURBEL,BAMBEY,BABA GARAGE,BABA GARAGE 1,1,536,CLASSE CP A
DIOURBEL,BAMBEY,BABA GARAGE,BABA GARAGE 1,2,536,CLASSE CE1 A
DIOURBEL,BAMBEY,BABA GARAGE,BABA GARAGE 1,3,535,CLASSE CM1 A
DIOURBEL,BAMBEY,BABA GARAGE,BABA GARAGE 1,4,535,CLASSE SND S LYCEE BBG
DIOURBEL,BAMBEY,BABA GARAGE,BABA GARAGE 1,5,534,CLASSE 1ERE S LYCEE BBG
DIOURBEL,BAMBEY,BABA GARAGE,DAROU BAKHOUM,1,383,ABRI PROVISOIRE
DIOURBEL,BAMBEY,BABA GARAGE,DAROU NGUER,1,322,CLASSE CI
DIOURBEL,BAMBEY,BABA GARAGE,GNICK,1,410,ABRI PROVISOIRE
DIOURBEL,BAMBEY,BABA GARAGE,KEUR OUSMANE KANE,1,556,CLASSE CE2
DIOURBEL,BAMBEY,BABA GARAGE,KEUR OUSMANE KANE,2,75,SALLE DE CLASSE
DIOURBEL,BAMBEY,BABA GARAGE,KHAYE NDIAYE,1,316,ABRI PROVISOIRE
DIOURBEL,BAMBEY,BABA GARAGE,MBAKHE,1,243,CLASSE CM2
DIOURBEL,BAMBEY,BABA GARAGE,NDARY DIOP,1,536,CLASSE CM1
DIOURBEL,BAMBEY,BABA GARAGE,NDIABY,1,275,CLASSE CP
DIOURBEL,BAMBEY,BABA GARAGE,NDIEULBER 1,1,278,SALLE DE CLASSE CE1/CM1
DIOURBEL,BAMBEY,BABA GARAGE,NDIOBEL,1,376,CLASSE CI
DIOURBEL,BAMBEY,BABA GARAGE,SAM-SAM,1,432,ABRI PROVISOIRE
DIOURBEL,BAMBEY,BABA GARAGE,TAWA FALL,1,417,CLASSE CM1
DIOURBEL,BAMBEY,BABA GARAGE,TAWA FALL,2,416,CLASSE CE2
DIOURBEL,BAMBEY,BABA GARAGE,THIEUL FANAYE,1,355,CLASSE CM1
DIOURBEL,BAMBEY,BAMBEY,ECOLE 2,1,559,CLASSE CP A
DIOURBEL,BAMBEY,BAMBEY,ECOLE 2,2,558,CLASSE CM2 A
DIOURBEL,BAMBEY,BAMBEY,ECOLE 2,3,567,CLASSE CE2 A
DIOURBEL,BAMBEY,BAMBEY,ECOLE 2,4,552,CLASSE CP B
DIOURBEL,BAMBEY,BAMBEY,ECOLE 2,5,532,CLASSE CI A
DIOURBEL,BAMBEY,BAMBEY,ECOLE 2,6,371,CLASSE CM2 B
DIOURBEL,BAMBEY,BAMBEY,ECOLE 3,1,571,CLASSE CP B
DIOURBEL,BAMBEY,BAMBEY,ECOLE 3,2,574,CLASSE CM2 A
DIOURBEL,BAMBEY,BAMBEY,ECOLE 3,3,585,CLASSE CP
DIOURBEL,BAMBEY,BAMBEY,ECOLE 3,4,573,CLASSE CE2A
DIOURBEL,BAMBEY,BAMBEY,ECOLE 3,5,268,CLASSE CI A
DIOURBEL,BAMBEY,BAMBEY,ECOLE 4,1,585,CLASSE CE1 B
DIOURBEL,BAMBEY,BAMBEY,ECOLE 4,2,570,CLASSE CP A
DIOURBEL,BAMBEY,BAMBEY,ECOLE 4,3,576,CLASSE CI A
DIOURBEL,BAMBEY,BAMBEY,ECOLE 4,4,583,CLASSE CM2 B
DIOURBEL,BAMBEY,BAMBEY,ECOLE 4,5,581,CLASSE CM1 A
DIOURBEL,BAMBEY,BAMBEY,ECOLE 4,6,586,CLASSE CE1 A
DIOURBEL,BAMBEY,BAMBEY,ECOLE 4,7,150,CLASSE CE1 C
DIOURBEL,BAMBEY,BAMBEY,ECOLE 5,1,566,CLASSE CP C
DIOURBEL,BAMBEY,BAMBEY,ECOLE 5,2,555,CLASSE CM1  A
DIOURBEL,BAMBEY,BAMBEY,ECOLE 5,3,526,CLASSE CE2 A
DIOURBEL,BAMBEY,BAMBEY,ECOLE 5,4,384,CLASSE CE1 A
DIOURBEL,BAMBEY,BAMBEY,ECOLE ANNEXE,1,504,CLASSE CE2 A
DIOURBEL,BAMBEY,BAMBEY,ECOLE ANNEXE,2,504,CLASSE CP B
DIOURBEL,BAMBEY,BAMBEY,ECOLE CHEIKH AWA BALLA MBACKE,1,553,CLASSE CM1 B
DIOURBEL,BAMBEY,BAMBEY,ECOLE CHEIKH AWA BALLA MBACKE,2,541,CLASSE CP A
DIOURBEL,BAMBEY,BAMBEY,ECOLE CHEIKH AWA BALLA MBACKE,3,568,CLASSE CE2 A
DIOURBEL,BAMBEY,BAMBEY,ECOLE CHEIKH AWA BALLA MBACKE,4,524,CLASSE CIA
DIOURBEL,BAMBEY,BAMBEY,ECOLE CHEIKH AWA BALLA MBACKE,5,532,CLASSE CE2 B
DIOURBEL,BAMBEY,BAMBEY,ECOLE CHEIKH AWA BALLA MBACKE,6,526,CLASSE CE1 A
DIOURBEL,BAMBEY,BAMBEY,ECOLE CHEIKH AWA BALLA MBACKE,7,357,CLASSE CE1 B
DIOURBEL,BAMBEY,BAMBEY,MAIRIE,1,558,CEM DIERY FALL
DIOURBEL,BAMBEY,BAMBEY,MAIRIE,2,556,CEM DIERY FALL
DIOURBEL,BAMBEY,BAMBEY,MAIRIE,3,558,CEM DIERY FALL
DIOURBEL,BAMBEY,DANGALMA,BABACK DIOMEGOR,1,571,CLASSE CI
DIOURBEL,BAMBEY,DANGALMA,BABACK DIOMEGOR,2,154,CLASSE CM2
DIOURBEL,BAMBEY,DANGALMA,BAMBEY SERERE,1,531,ABRI PROVISOIRE
DIOURBEL,BAMBEY,DANGALMA,BAMBEY SERERE,2,531,ABRI PROVISOIRE
DIOURBEL,BAMBEY,DANGALMA,DADACK,1,555,CLASSE CE2
DIOURBEL,BAMBEY,DANGALMA,DANGALMA,1,574,CLASSE CE2
DIOURBEL,BAMBEY,DANGALMA,DANGALMA,2,575,CLASSE CM1
DIOURBEL,BAMBEY,DANGALMA,DANGALMA,3,575,CLASSE CM2
DIOURBEL,BAMBEY,DANGALMA,DANGALMA,4,574,CLASSE CE1
DIOURBEL,BAMBEY,DANGALMA,DANGALMA 2,1,546,CLASSE CM1
DIOURBEL,BAMBEY,DANGALMA,DANGALMA 2,2,223,CLASSE CP
DIOURBEL,BAMBEY,DANGALMA,ECOLE SINDIANE (EX SEO SINDIANE),1,569,CLASSE CE2
DIOURBEL,BAMBEY,DANGALMA,GATT DIOCOUL 1,1,555,CLASSE CE1
DIOURBEL,BAMBEY,DANGALMA,GATT DIOCOUL 1,2,555,CLASSE CP
DIOURBEL,BAMBEY,DANGALMA,GATT GALLO,1,583,ABRI PROVISOIRE
DIOURBEL,BAMBEY,DANGALMA,GATT GALLO,2,586,ABRI PROVISOIRE
DIOURBEL,BAMBEY,DANGALMA,GATT GALLO,3,131,ABRI PROVISOIRE
DIOURBEL,BAMBEY,DANGALMA,GATT NGARAFF 1,1,528,CLASSE CM1
DIOURBEL,BAMBEY,DANGALMA,GATT NGARAFF 1,2,527,CLASSE CE2
DIOURBEL,BAMBEY,DANGALMA,GATT NGARAFF 1,3,528,ECOLE CLASSE CP
DIOURBEL,BAMBEY,DANGALMA,KEUR GALLO,1,281,ABRI PROVISOIRE
DIOURBEL,BAMBEY,DANGALMA,LYCEE DE DANGALMA,1,367,SALLE 6
DIOURBEL,BAMBEY,DANGALMA,LYCEE DE DANGALMA,2,368,SALLE 7
DIOURBEL,BAMBEY,DANGALMA,MERINA,1,588,ABRI PROVISOIRE
DIOURBEL,BAMBEY,DANGALMA,MERINA,2,53,ABRI PROVISOIRE
DIOURBEL,BAMBEY,DANGALMA,NDIADIANE,1,588,ABRI PROVISOIRE
DIOURBEL,BAMBEY,DANGALMA,NDIADIANE,2,75,ABRI PROVISOIRE
DIOURBEL,BAMBEY,DANGALMA,NDIOBENE NGOYE,1,245,ABRI PROVISOIRE
DIOURBEL,BAMBEY,DANGALMA,NGOKHOTHIE,1,470,ABRI PROVISOIRE
DIOURBEL,BAMBEY,DANGALMA,NGOKHOTHIE EX LAMBAYE,1,256,CLASSE CI
DIOURBEL,BAMBEY,DANGALMA,NGUEME YADIAMA,1,286,ABRI PROVISOIRE
DIOURBEL,BAMBEY,DANGALMA,NGUITHIE PEYE,1,464,CLASSE CE2
DIOURBEL,BAMBEY,DANGALMA,SANGHAYE,1,380,ABRI PROVISOIRE
DIOURBEL,BAMBEY,DANGALMA,SAO,1,180,ABRI PROVISOIRE
DIOURBEL,BAMBEY,DANGALMA,TALLAGNE,1,561,CASE DE SANTE
DIOURBEL,BAMBEY,DINGUIRAYE (BAMBEY),BARIDIAME,1,359,CLASSE CE2
DIOURBEL,BAMBEY,DINGUIRAYE (BAMBEY),DINGUIRAYE,1,560,CLASSE CM2
DIOURBEL,BAMBEY,DINGUIRAYE (BAMBEY),DINGUIRAYE,2,180,SALLE DE CLASSE
DIOURBEL,BAMBEY,DINGUIRAYE (BAMBEY),GOLL,1,355,ABRI PROVISOIRE
DIOURBEL,BAMBEY,DINGUIRAYE (BAMBEY),GRAME,1,542,CLASSE CM1
DIOURBEL,BAMBEY,DINGUIRAYE (BAMBEY),GRAME,2,105,SALLE DE CLASSE
DIOURBEL,BAMBEY,DINGUIRAYE (BAMBEY),KANGHARLO,1,254,ABRI PROVISOIRE
DIOURBEL,BAMBEY,DINGUIRAYE (BAMBEY),KEUR MADIOP,1,430,CLASSE CM2
DIOURBEL,BAMBEY,DINGUIRAYE (BAMBEY),KEUR MADIOP,2,430,CLASSE CI
DIOURBEL,BAMBEY,DINGUIRAYE (BAMBEY),MBAYE,1,149,CLASSE CP
DIOURBEL,BAMBEY,DINGUIRAYE (BAMBEY),NDIANE 1,1,246,ABRI PROVISOIRE
DIOURBEL,BAMBEY,DINGUIRAYE (BAMBEY),THIAYTOU,1,570,CLASSE CM 2
DIOURBEL,BAMBEY,DINGUIRAYE (BAMBEY),THIAYTOU,2,102,SALLE DE CLASSE
DIOURBEL,BAMBEY,DINGUIRAYE (BAMBEY),THIOKHOL,1,299,ABRI PROVISOIRE
DIOURBEL,BAMBEY,DINGUIRAYE (BAMBEY),TOUNGHOR,1,300,CLASSE CM1
DIOURBEL,BAMBEY,GAWANE,DAROU KHOUDOSS,1,370,ABRI PROVISOIRE
DIOURBEL,BAMBEY,GAWANE,GAPP,1,215,ECOLE GAPP SALLE 1
DIOURBEL,BAMBEY,GAWANE,GAWANE ESCALE,1,371,ECOLE GAWANE SALLE 1
DIOURBEL,BAMBEY,GAWANE,GAWANE ESCALE,2,371,ECOLE GAWANE SALLE 2
DIOURBEL,BAMBEY,GAWANE,GAWANE MBACKE,1,467,ECOLE GAWANE SALLE 3
DIOURBEL,BAMBEY,GAWANE,GAWANE MBACKE,2,465,ECOLE GAWANE SALLE 4
DIOURBEL,BAMBEY,GAWANE,KEUR DIEUMB DIA,1,230,ABRI PROVISOIRE
DIOURBEL,BAMBEY,GAWANE,LANGAR DEUNE,1,454,ECOLE LANGAR DEUNE SALLE 1
DIOURBEL,BAMBEY,GAWANE,LANGAR PEYE,1,338,ECOLE LANGAR PEYE SALLE 1
DIOURBEL,BAMBEY,GAWANE,NDIEYENE THIALAO,1,356,ECOLE NDIEYENE THIALAO SALLE 1
DIOURBEL,BAMBEY,GAWANE,NDIEYENE THIALAO,2,355,SALLE 2
DIOURBEL,BAMBEY,GAWANE,NGARASSE ECOLE ELEMENTAIRE,1,209,EFA DE NGARASSE SALLE 1
DIOURBEL,BAMBEY,GAWANE,NGOKARE SOW 1,1,238,ECOLE ELEM NGOKARE SOW SALLE 1
DIOURBEL,BAMBEY,GAWANE,PEYE BOUNGHOYE,1,212,ECOLE ELEM PEYE BOUNGOYE SALLE 1
DIOURBEL,BAMBEY,GAWANE,SARR,1,555,ECOLE ELEMENTAIRE SARR SALLE 1
DIOURBEL,BAMBEY,GAWANE,SARR,2,53,ECOLE ELEMENTAIRE SARR SALLE 2
DIOURBEL,BAMBEY,KEUR SAMBA KANE,FASSEL,1,426,CLASSE CP
DIOURBEL,BAMBEY,KEUR SAMBA KANE,GANDAL,1,268,CLASSE CE1
DIOURBEL,BAMBEY,KEUR SAMBA KANE,GANDAL,2,267,ECOLE CLASSE CE2
DIOURBEL,BAMBEY,KEUR SAMBA KANE,GAYAME,1,398,CLASSE CM2 A
DIOURBEL,BAMBEY,KEUR SAMBA KANE,GAYAME,2,399,CLASSE CP B
DIOURBEL,BAMBEY,KEUR SAMBA KANE,GOLBY ASSANE,1,281,CLASSE CI
DIOURBEL,BAMBEY,KEUR SAMBA KANE,GOLBY ASSANE,2,281,CLASSE CE2
DIOURBEL,BAMBEY,KEUR SAMBA KANE,GOUYE DOCK,1,182,ABRI PROVISOIRE
DIOURBEL,BAMBEY,KEUR SAMBA KANE,KEUR GAYE SEYE,1,140,ABRI PROVISOIRE
DIOURBEL,BAMBEY,KEUR SAMBA KANE,KEUR KHALY COURA,1,107,ECOLE KEUR KHALY COURA SALLE DE CL
DIOURBEL,BAMBEY,KEUR SAMBA KANE,KEUR LEYE FAMBAYE,1,293,SALLE DE CLASSE CM2
DIOURBEL,BAMBEY,KEUR SAMBA KANE,KEUR SAMBA KANE 1,1,561,CLASSE CI A
DIOURBEL,BAMBEY,KEUR SAMBA KANE,KEUR SAMBA KANE 1,2,543,CLASSE CE 2
DIOURBEL,BAMBEY,KEUR SAMBA KANE,KEUR SAMBA KANE 1,3,211,CLASSE CM1A
DIOURBEL,BAMBEY,KEUR SAMBA KANE,KEUR SAMBA KANE 2,1,373,CLASSE CI ECOLE KEUR SAMBA KANE 2
DIOURBEL,BAMBEY,KEUR SAMBA KANE,KEUR SAMBA KANE 2,2,372,CLASSE CE1 ECOLE KEUR SAMBA KANE 2
DIOURBEL,BAMBEY,KEUR SAMBA KANE,NDIAMSYL PEYE,1,205,CLASSE CM1
DIOURBEL,BAMBEY,KEUR SAMBA KANE,NDIAMSYL PEYE,2,204,CLASSE CM2
DIOURBEL,BAMBEY,KEUR SAMBA KANE,NDIAMSYL SESSENE,1,120,ABRI PROVISOIRE
DIOURBEL,BAMBEY,KEUR SAMBA KANE,NDIARAO,1,358,CLASSE CP
DIOURBEL,BAMBEY,KEUR SAMBA KANE,NDIARAO,2,357,CLASSE CM1
DIOURBEL,BAMBEY,KEUR SAMBA KANE,NDIARNO RICADJI 1,1,313,CLASSE CM1
DIOURBEL,BAMBEY,KEUR SAMBA KANE,NDIARNO RICADJI 1,2,312,CLASSE CE2
DIOURBEL,BAMBEY,KEUR SAMBA KANE,NDIAYE DANKHE,1,515,ABRI PROVISOIRE
DIOURBEL,BAMBEY,KEUR SAMBA KANE,NDIOUDIOUF,1,528,CLASSE CP
DIOURBEL,BAMBEY,KEUR SAMBA KANE,NDIOUDIOUF,2,115,CLASSE CE2
DIOURBEL,BAMBEY,KEUR SAMBA KANE,THIALLE MABOUR,1,245,ABRI PROVISOIRE
DIOURBEL,BAMBEY,LAMBAYE,KALOME,1,139,ABRI PROVISOIRE
DIOURBEL,BAMBEY,LAMBAYE,KEUR SAMBA GAYE,1,479,ABRI PROVISOIRE
DIOURBEL,BAMBEY,LAMBAYE,KEUR SEGUE NDIAYE,1,541,ABRI PROVISOIRE
DIOURBEL,BAMBEY,LAMBAYE,LAMBAYE ESCALE,1,476,ECOLE LAMBAYE SALLE 1
DIOURBEL,BAMBEY,LAMBAYE,LAMBAYE ESCALE,2,474,ECOLE LAMBAYE SALLE 2
DIOURBEL,BAMBEY,LAMBAYE,MAKA TASSAR,1,281,ECOLE TASSAR SALLE 1
DIOURBEL,BAMBEY,LAMBAYE,MBADIANE GORA,1,337,ABRI PROVISOIRE
DIOURBEL,BAMBEY,LAMBAYE,MBADIANE SAMBA AWA,1,406,ECOLE MBADIANE SAMBA AWA SAL 1
DIOURBEL,BAMBEY,LAMBAYE,MBALMY,1,452,ECOLE ELEMENTAIRE MBALMY SALLE 1
DIOURBEL,BAMBEY,LAMBAYE,MBALMY,2,453,ECOLE ELEMENTAIRE MBALMY SALLE 2
DIOURBEL,BAMBEY,LAMBAYE,MBOTAL LAMBAYE,1,433,CEM LAMBAYE SALLE 1
DIOURBEL,BAMBEY,LAMBAYE,MBOUBANE,1,333,ECOLE MBOUBANE SALLE 1
DIOURBEL,BAMBEY,LAMBAYE,MBOUSSO,1,570,DAARA MODERNE MBOUSSO SALLE 1
DIOURBEL,BAMBEY,LAMBAYE,MBOUSSO,2,48,DAARA MODERNE MBOUSSO SALLE 2
DIOURBEL,BAMBEY,LAMBAYE,MEKHE,1,583,ECOLE MEKHE SALLE 1
DIOURBEL,BAMBEY,LAMBAYE,MEKHE,2,583,ECOLE MEKHE SALLE 2
DIOURBEL,BAMBEY,LAMBAYE,MEKHE,3,101,ECOLE MEKHE SALLE 3
DIOURBEL,BAMBEY,LAMBAYE,NDIARGA LAMBAYE,1,453,ECOLE NDIARGA LAMBAYE SALLE 1
DIOURBEL,BAMBEY,LAMBAYE,NDONDOL CODOU NGOYE,1,515,ECOLE NDONDOL CODOU NGOYE SL 1
DIOURBEL,BAMBEY,LAMBAYE,NGANDIAL,1,319,ABRI PROVISOIRE
DIOURBEL,BAMBEY,LAMBAYE,NIAKHAPPE,1,282,ABRI PROVISOIRE
DIOURBEL,BAMBEY,LAMBAYE,PARBA LAMBAYE,1,336,ABRI PROVISOIRE
DIOURBEL,BAMBEY,LAMBAYE,PARBA LAMBAYE,2,338,ABRI PROVISOIRE NÂ° 2
DIOURBEL,BAMBEY,LAMBAYE,PEYE LAMBAYE,1,503,ECOLE LAMBAYE SALLE 8
DIOURBEL,BAMBEY,LAMBAYE,PEYE LAMBAYE,2,500,ECOLE LAMBAYE SALLE 9
DIOURBEL,BAMBEY,LAMBAYE,POUGNAR,1,485,ABRI PROVISOIRE
DIOURBEL,BAMBEY,LAMBAYE,THIEPPE NDIAWRIGNE,1,405,ECOLE THIEPPE NDIAWRIGNE SAL 1
DIOURBEL,BAMBEY,LAMBAYE,THIEPPE PANATHIE,1,201,ECOLE THIEPPE PANATHIE SAL 1
DIOURBEL,BAMBEY,LAMBAYE,THIEPPE PARBA,1,364,ECOLE THIEPPE NDIAWRIGNE SAL 2
DIOURBEL,BAMBEY,LAMBAYE,TOUGOUTHIE,1,249,ABRI PROVISOIRE
DIOURBEL,BAMBEY,NDONDOL,BACAPOME,1,237,ABRI PROVISOIRE
DIOURBEL,BAMBEY,NDONDOL,MBELKHAOUL,1,420,CENTRE D'ALPHABETISATION
DIOURBEL,BAMBEY,NDONDOL,MBOMBOYE 1,1,502,CLASSE CE1
DIOURBEL,BAMBEY,NDONDOL,MBOMBOYE 1,2,502,CLASSE CP
DIOURBEL,BAMBEY,NDONDOL,NDECK,1,537,CLASSE CE1
DIOURBEL,BAMBEY,NDONDOL,NDIEDIENG 1,1,423,CLASSE CP
DIOURBEL,BAMBEY,NDONDOL,NDIEDIENG 1,2,423,ECOLE PUBLIQUE
DIOURBEL,BAMBEY,NDONDOL,NDIEMANE,1,478,CLASSE CE2
DIOURBEL,BAMBEY,NDONDOL,NDIEMANE,2,477,CLASSE CP
DIOURBEL,BAMBEY,NDONDOL,NDONDOL,1,488,CLASSE CM2
DIOURBEL,BAMBEY,NDONDOL,NDONDOL,2,488,CLASSE CE1
DIOURBEL,BAMBEY,NDONDOL,NDONDOL,3,489,CLASSE CP
DIOURBEL,BAMBEY,NDONDOL,NDONDOL,4,488,CLASSE CM2 A
DIOURBEL,BAMBEY,NDONDOL,NDONDOL,5,489,CLASSE CM1
DIOURBEL,BAMBEY,NDONDOL,NGOUYE,1,552,CLASSE CP
DIOURBEL,BAMBEY,NDONDOL,NGUEME ISSA,1,396,CLASSE CE1
DIOURBEL,BAMBEY,NDONDOL,NGUEME ISSA,2,397,CLASSE CP
DIOURBEL,BAMBEY,NDONDOL,WAKHALDIAM,1,242,CLASSE CP
DIOURBEL,BAMBEY,NDONDOL,YAYE,1,591,CLASSE CM1
DIOURBEL,BAMBEY,NGOGOM,ECOLE 1 BAMBEY SERERE,1,589,SALLE 1
DIOURBEL,BAMBEY,NGOGOM,ECOLE 1 BAMBEY SERERE,2,588,SALLE 2
DIOURBEL,BAMBEY,NGOGOM,ECOLE 1 BAMBEY SERERE,3,587,SALLE 3
DIOURBEL,BAMBEY,NGOGOM,ECOLE 1 BAMBEY SERERE,4,60,SALLE 04
DIOURBEL,BAMBEY,NGOGOM,ECOLE 2 BAMBEY SERERE,1,535,SALLE 1
DIOURBEL,BAMBEY,NGOGOM,ECOLE 2 BAMBEY SERERE,2,536,SALLE 2
DIOURBEL,BAMBEY,NGOGOM,ECOLE 2 BAMBEY SERERE,3,534,SALLE 3
DIOURBEL,BAMBEY,NGOGOM,ECOLE 2 BAMBEY SERERE,4,537,SALLE DE CLASSE
DIOURBEL,BAMBEY,NGOGOM,ECOLE 2 BAMBEY SERERE,5,537,SALLE DE CLASSE
DIOURBEL,BAMBEY,NGOGOM,KEUR ALIOU DIOUF,1,432,ECOLE ALIOU DIOUF SALLE 1
DIOURBEL,BAMBEY,NGOGOM,KEUR SAPOLECK,1,359,ECOLE KEUR SAPOLECK SALLE 1
DIOURBEL,BAMBEY,NGOGOM,MBARRY ALLE NDIAYE,1,584,E.F.A MBARY ALE NDIAYE SALLE 1
DIOURBEL,BAMBEY,NGOGOM,MBARRY ALLE NDIAYE,2,84,E.F.A MBARY ALE NDIAYE SALLE 2
DIOURBEL,BAMBEY,NGOGOM,MBOUKHOUM,1,236,E.F.A GOL SALLE 1
DIOURBEL,BAMBEY,NGOGOM,NDEME MEISSA THIORO,1,448,ECOLE NDEME MEISSA THIORO SAL1
DIOURBEL,BAMBEY,NGOGOM,NDIAKALACK,1,468,ECOLE NDIAKALACK SALLE 1
DIOURBEL,BAMBEY,NGOGOM,NDIOUDIOUF,1,548,ECOLE NDIOUDIOUF SALLE 1
DIOURBEL,BAMBEY,NGOGOM,NGARAFFE POLECK,1,470,ECOLE ARABE NGARAFFE POLECK SALLE1
DIOURBEL,BAMBEY,NGOGOM,NGOGOM,1,498,ECOLE NGOGOM SALLE 1
DIOURBEL,BAMBEY,NGOGOM,NGOGOM,2,503,ECOLE NGOGOM SALLE 2
DIOURBEL,BAMBEY,NGOGOM,NGOGOM,3,369,ECOLE NGOGOM SALLE 3
DIOURBEL,BAMBEY,NGOGOM,NGOTHIE 1,1,473,ECOLE ELEMENTAIRE NGOTHIE 1 SALLE 1
DIOURBEL,BAMBEY,NGOGOM,NGUITHIE THIANDIGUE,1,468,ECOLE NGUITHIE THIANDIGUE SALLE 1
DIOURBEL,BAMBEY,NGOGOM,NIOKETTE,1,175,ECOLE ELEMENTAIRE NIOKETTE SALLE 1
DIOURBEL,BAMBEY,NGOGOM,PALENE,1,476,ECOLE PALENE SALLE 1
DIOURBEL,BAMBEY,NGOGOM,SEO NGARAFF,1,410,ECOLE SEO NGARAFF SALLE 1
DIOURBEL,BAMBEY,NGOGOM,SILANE,1,577,ECOLE SILANE SALLE 1
DIOURBEL,BAMBEY,NGOGOM,SILANE,2,26,ECOLE ELEMENTAIRE DE SILANE SALLE 2
DIOURBEL,BAMBEY,NGOGOM,THILMAKHA,1,348,ABRI PROVISOIRE
DIOURBEL,BAMBEY,NGOYE,BAKAKACK,1,267,CLASSE CP
DIOURBEL,BAMBEY,NGOYE,BARRY NDONDOL,1,509,CLASSE CM1
DIOURBEL,BAMBEY,NGOYE,BARRY NDONDOL,2,510,CLASSE CE1
DIOURBEL,BAMBEY,NGOYE,BATAL,1,530,CLASSE CE 2
DIOURBEL,BAMBEY,NGOYE,BATAL,2,530,CLASSE CP
DIOURBEL,BAMBEY,NGOYE,BATAL,3,530,ECOLE CLASSE CM2
DIOURBEL,BAMBEY,NGOYE,GALLO NGOYE,1,541,CLASSE CM1
DIOURBEL,BAMBEY,NGOYE,GALLO NGOYE,2,60,CLASSE CM2
DIOURBEL,BAMBEY,NGOYE,GOURGOURENE,1,582,CLASSE CE1
DIOURBEL,BAMBEY,NGOYE,GOURGOURENE,2,79,CLASSE CM2
DIOURBEL,BAMBEY,NGOYE,KEUR LAT BISSINE,1,422,ABRI PROVISOIRE
DIOURBEL,BAMBEY,NGOYE,KEUR MEISSA NDIAYE,1,451,CLASSE CE2
DIOURBEL,BAMBEY,NGOYE,KHANDIAR,1,579,ABRI PROVISOIRE
DIOURBEL,BAMBEY,NGOYE,MBOKHODANE,1,584,CLASSE CE2
DIOURBEL,BAMBEY,NGOYE,MBOKHODANE,2,98,CLASSE CM2
DIOURBEL,BAMBEY,NGOYE,NDIATTA NGOYE,1,325,ABRI PROVISOIRE
DIOURBEL,BAMBEY,NGOYE,NDIMB NGOYE,1,506,ABRI PROVISOIRE
DIOURBEL,BAMBEY,NGOYE,NDIMB NGOYE,2,505,ABRI PROVISOIRE
DIOURBEL,BAMBEY,NGOYE,NDIONE KADE 1,1,303,ABRI PROVISOIRE
DIOURBEL,BAMBEY,NGOYE,NDIONE MATENING,1,501,CLASSE CE1
DIOURBEL,BAMBEY,NGOYE,NDIOULY 1,1,561,CLASSE CM2
DIOURBEL,BAMBEY,NGOYE,NDIOULY 1,2,560,CLASSE CM1
DIOURBEL,BAMBEY,NGOYE,NDIOULY 1,3,560,CLASSE CE1
DIOURBEL,BAMBEY,NGOYE,NDIOULY 1,4,381,CLASSE CE2
DIOURBEL,BAMBEY,NGOYE,NGANDECK,1,224,ABRI PROVISOIRE
DIOURBEL,BAMBEY,NGOYE,NGASCOPE,1,584,CLASSE CM1
DIOURBEL,BAMBEY,NGOYE,NGASCOPE,2,108,CLASSE CM2 B
DIOURBEL,BAMBEY,NGOYE,NGODJLEME,1,455,ECOLE MISSION CATHOLIQUE
DIOURBEL,BAMBEY,NGOYE,NGUEYE NGUEYE,1,568,ABRI  PROVISOIRE
DIOURBEL,BAMBEY,NGOYE,NGUEYE NGUEYE,2,566,ABRI PROVISOIRE
DIOURBEL,BAMBEY,NGOYE,PEYE NGOYE 1,1,521,CLASSE CE1
DIOURBEL,BAMBEY,NGOYE,PEYE NGOYE 1,2,524,CLASSE CE2
DIOURBEL,BAMBEY,NGOYE,PEYE NGOYE 1,3,525,ECOLE CLASSE CM1
DIOURBEL,BAMBEY,NGOYE,SESSENE,1,497,CLASSE CM1
DIOURBEL,BAMBEY,NGOYE,SESSENE,2,495,CLASSE CE1
DIOURBEL,BAMBEY,NGOYE,THIODJOGOYE,1,297,CLASSE CE2
DIOURBEL,BAMBEY,REFANE,BOKH,1,486,ECOLE BOKH SALLE 1
DIOURBEL,BAMBEY,REFANE,BOKH,2,484,ECOLE BOKH SALLE 2
DIOURBEL,BAMBEY,REFANE,LOULOUPE,1,581,ABRI PROVISOIRE
DIOURBEL,BAMBEY,REFANE,MBAMBEY,1,477,ECOLE MBAMBEY SALLE 1
DIOURBEL,BAMBEY,REFANE,NDEREPP,1,583,ECOLE NDEREPP SALLE 1
DIOURBEL,BAMBEY,REFANE,NDEREPP,2,590,ECOLE NDEREPP SALLE 2
DIOURBEL,BAMBEY,REFANE,NDEREPP,3,590,ECOLE NDEREPP SALLE 3
DIOURBEL,BAMBEY,REFANE,NDEREPP,4,249,ECOLE NDEREPP SALLE 4
DIOURBEL,BAMBEY,REFANE,NDORONG MALICK,1,362,ECOLE NDORONG MALICK SALLE 1
DIOURBEL,BAMBEY,REFANE,NGANGOUNE,1,306,ECOLE ELEM DE NGANGOUNE SALLE 1
DIOURBEL,BAMBEY,REFANE,NGOUYE THIANDIGUE,1,517,ECOLE DE NGOUYE THIANDIGUE SALLE 1
DIOURBEL,BAMBEY,REFANE,NGOUYE THIANDIGUE,2,225,ECOLE DE NGOUYE THIANDIGUE SALLE 2
DIOURBEL,BAMBEY,REFANE,REFANE PEYE SINDIANE,1,565,ECOLE 1 SALLE 1
DIOURBEL,BAMBEY,REFANE,REFANE PEYE SINDIANE,2,571,ECOLE 1 SALLE 2
DIOURBEL,BAMBEY,REFANE,REFANE PEYE SINDIANE,3,572,ECOLE 1 SALLE 3
DIOURBEL,BAMBEY,REFANE,REFANE PEYE SINDIANE,4,569,ECOLE 1 SALLE 4
DIOURBEL,BAMBEY,REFANE,REFANE PEYE SINDIANE,5,567,ECOLE 1 SALLE 5
DIOURBEL,BAMBEY,REFANE,REFANE PEYE SINDIANE,6,573,SALLE 6
DIOURBEL,BAMBEY,REFANE,REFANE PEYE SINDIANE,7,574,SALLE7
DIOURBEL,BAMBEY,REFANE,REFANE PEYE SINDIANE,8,560,ECOLE SALLE 8
DIOURBEL,BAMBEY,REFANE,REFANE PEYE SINDIANE,9,245,ECOLE 1 SALLE 9
DIOURBEL,BAMBEY,REFANE,REO MAO,1,562,SALLE 1
DIOURBEL,BAMBEY,REFANE,REO MAO,2,578,SALLE 2
DIOURBEL,BAMBEY,REFANE,REO MAO,3,153,SALLE 3
DIOURBEL,BAMBEY,REFANE,SEO THIAOTHIAO,1,286,ABRI PROVISOIRE
DIOURBEL,BAMBEY,THIAKHAR,DARA,1,419,ABRI PROVISOIRE
DIOURBEL,BAMBEY,THIAKHAR,DAROU SALAM,1,190,ABRI PROVISOIRE
DIOURBEL,BAMBEY,THIAKHAR,DOMBE 1,1,343,ABRI PROVISOIRE
DIOURBEL,BAMBEY,THIAKHAR,GALLO PEYE,1,220,ABRI PROVISOIRE
DIOURBEL,BAMBEY,THIAKHAR,KADIAO,1,118,ECOLE ELEMENTAIRE KADIAO CLASSE CI
DIOURBEL,BAMBEY,THIAKHAR,KEUR MAFATIME,1,178,ABRI PROVISOIRE
DIOURBEL,BAMBEY,THIAKHAR,KEUR SAER,1,392,CLASSE CM 1
DIOURBEL,BAMBEY,THIAKHAR,KHOLKHOTORANE,1,376,ABRI PRVISOIRE
DIOURBEL,BAMBEY,THIAKHAR,MBADIANEME,1,276,ABRI PROVISOIRE
DIOURBEL,BAMBEY,THIAKHAR,MBADIE DIOUFFENE,1,210,ABRI PROVISOIRE
DIOURBEL,BAMBEY,THIAKHAR,MBOYENE,1,490,CLASSE CE2
DIOURBEL,BAMBEY,THIAKHAR,MBOYENE,2,491,CLASSE CM 1
DIOURBEL,BAMBEY,THIAKHAR,NDAKH,1,433,CLASSE CE2
DIOURBEL,BAMBEY,THIAKHAR,NDIAGNE BOUMY,1,419,CLASSE CM1
DIOURBEL,BAMBEY,THIAKHAR,NDIAGUENE DIOREL,1,275,ABRI PROVISOIRE
DIOURBEL,BAMBEY,THIAKHAR,NDIAKANE,1,577,ABRI PROVISOIRE
DIOURBEL,BAMBEY,THIAKHAR,NDIAKANE,2,117,ABRI PROVISOIRE
DIOURBEL,BAMBEY,THIAKHAR,NDIMB NDADENE,1,92,ABRI PROVISOIRE
DIOURBEL,BAMBEY,THIAKHAR,NDIOBENE NDADENE,1,302,ABRI PROVISOIRE
DIOURBEL,BAMBEY,THIAKHAR,SANDIARA,1,229,ABRI PROVISOIRE
DIOURBEL,BAMBEY,THIAKHAR,SEO LEFF,1,534,CLASSE CP
DIOURBEL,BAMBEY,THIAKHAR,SOKANO,1,331,CLASSE CE2
DIOURBEL,BAMBEY,THIAKHAR,THIAKHAR,1,478,CLASSE CM1
DIOURBEL,BAMBEY,THIAKHAR,THIAKHAR,2,250,SALLE DE CLASSE
DIOURBEL,BAMBEY,THIAKHAR,THIATHIAO,1,449,ABRI PROVISOIRE
DIOURBEL,BAMBEY,THIAKHAR,WAKHALDIAM 3,1,333,ABRI PROVISOIRE
DIOURBEL,DIOURBEL,DANKH SENE,DANKH SENE,1,467,CLASSE CP
DIOURBEL,DIOURBEL,DANKH SENE,DANKH SENE,2,465,CLASSE CM1
DIOURBEL,DIOURBEL,DANKH SENE,DAROU SALAM GALLE,1,392,CLASSE CI
DIOURBEL,DIOURBEL,DANKH SENE,MBAPPE,1,577,CLASSE CM1
DIOURBEL,DIOURBEL,DANKH SENE,NDIOGOP DIOP,1,473,CLASSE CM2
DIOURBEL,DIOURBEL,DANKH SENE,NDIOGOP DIOP,2,473,CLASSE CE1
DIOURBEL,DIOURBEL,DANKH SENE,NGUEYE NGUEYE,1,412,CLASSE CE2
DIOURBEL,DIOURBEL,DANKH SENE,THIAKH,1,537,CLASSE CE2
DIOURBEL,DIOURBEL,DANKH SENE,THIEYE,1,267,CLASSE CM2
DIOURBEL,DIOURBEL,DIOURBEL,C.E.M.,1,558,SALLE A2
DIOURBEL,DIOURBEL,DIOURBEL,C.E.M.,2,556,SALLE A3
DIOURBEL,DIOURBEL,DIOURBEL,C.E.M.,3,558,SALLE A4
DIOURBEL,DIOURBEL,DIOURBEL,C.E.M.,4,561,SALLE B1
DIOURBEL,DIOURBEL,DIOURBEL,C.E.M.,5,568,SALLE B2
DIOURBEL,DIOURBEL,DIOURBEL,C.E.M.,6,562,SALLE DE CLASSE 3E B
DIOURBEL,DIOURBEL,DIOURBEL,CEM NDIOURBEL TOCK,1,531,SALLE 4 CEM
DIOURBEL,DIOURBEL,DIOURBEL,CEM NDIOURBEL TOCK,2,307,SALLE 6
DIOURBEL,DIOURBEL,DIOURBEL,ECOLE BASSIROU MBACKE,1,595,CLASSE CE1 A
DIOURBEL,DIOURBEL,DIOURBEL,ECOLE BASSIROU MBACKE,2,595,CLASSE CP A
DIOURBEL,DIOURBEL,DIOURBEL,ECOLE BASSIROU MBACKE,3,594,CLASSE CM1 B
DIOURBEL,DIOURBEL,DIOURBEL,ECOLE BASSIROU MBACKE,4,598,SALLE 4
DIOURBEL,DIOURBEL,DIOURBEL,ECOLE BASSIROU MBACKE,5,596,SALLE DE CLASSE CI B
DIOURBEL,DIOURBEL,DIOURBEL,ECOLE FRANCO ARABE LONKINE,1,575,CM1 A EFA LONKINE
DIOURBEL,DIOURBEL,DIOURBEL,ECOLE FRANCO ARABE LONKINE,2,573,CM2  A EFA LONKINE
DIOURBEL,DIOURBEL,DIOURBEL,ECOLE FRANCO ARABE LONKINE,3,577,CE1 A EFA LONKINE
DIOURBEL,DIOURBEL,DIOURBEL,ECOLE FRANCO ARABE LONKINE,4,577,SALLE 8
DIOURBEL,DIOURBEL,DIOURBEL,ECOLE FRANCO ARABE LONKINE,5,213,CLASSE CI A
DIOURBEL,DIOURBEL,DIOURBEL,ECOLE KEUR BAYE LAYE GAYE,1,591,CLASSE CI A
DIOURBEL,DIOURBEL,DIOURBEL,ECOLE KEUR BAYE LAYE GAYE,2,592,CLASSE CP A
DIOURBEL,DIOURBEL,DIOURBEL,ECOLE KEUR BAYE LAYE GAYE,3,593,CLASSE CI B
DIOURBEL,DIOURBEL,DIOURBEL,ECOLE KEUR BAYE LAYE GAYE,4,585,CLASSE CP B
DIOURBEL,DIOURBEL,DIOURBEL,ECOLE KEUR BAYE LAYE GAYE,5,592,CLASSE CM1 A
DIOURBEL,DIOURBEL,DIOURBEL,ECOLE KEUR BAYE LAYE GAYE,6,589,CM1 A
DIOURBEL,DIOURBEL,DIOURBEL,ECOLE KEUR BAYE LAYE GAYE,7,589,CM2 A
DIOURBEL,DIOURBEL,DIOURBEL,ECOLE KEUR BAYE LAYE GAYE,8,592,SALLE DE CLASSE CM2 B
DIOURBEL,DIOURBEL,DIOURBEL,ECOLE KEUR CHEIKH 2,1,567,CLASSE CE2 A
DIOURBEL,DIOURBEL,DIOURBEL,ECOLE KEUR CHEIKH 2,2,568,CLASSE CE2 B
DIOURBEL,DIOURBEL,DIOURBEL,ECOLE KEUR CHEIKH 2,3,564,CLASSE CM2 A
DIOURBEL,DIOURBEL,DIOURBEL,ECOLE KEUR CHEIKH 2,4,570,CLASSE CM2 B
DIOURBEL,DIOURBEL,DIOURBEL,ECOLE KEUR CHEIKH 2,5,576,CLASSE CM1 B
DIOURBEL,DIOURBEL,DIOURBEL,ECOLE KEUR CHEIKH 2,6,571,CLASSE CM1 A
DIOURBEL,DIOURBEL,DIOURBEL,ECOLE KEUR CHEIKH 2,7,242,CLASSE CI A
DIOURBEL,DIOURBEL,DIOURBEL,ECOLE KEUR YELLI,1,582,CLASSE CE2 B
DIOURBEL,DIOURBEL,DIOURBEL,ECOLE KEUR YELLI,2,574,CLASSE CM1 B
DIOURBEL,DIOURBEL,DIOURBEL,ECOLE KEUR YELLI,3,574,CLASSE CM1 A
DIOURBEL,DIOURBEL,DIOURBEL,ECOLE KEUR YELLI,4,576,CLASSE CI B
DIOURBEL,DIOURBEL,DIOURBEL,ECOLE KEUR YELLI,5,579,CM2 A
DIOURBEL,DIOURBEL,DIOURBEL,ECOLE KEUR YELLI,6,580,CM2 B
DIOURBEL,DIOURBEL,DIOURBEL,ECOLE KEUR YELLI,7,166,CLASSE CP B
DIOURBEL,DIOURBEL,DIOURBEL,ECOLE MAME DIARRA,1,338,SALLE 2
DIOURBEL,DIOURBEL,DIOURBEL,ECOLE MAME DIARRA,2,339,SALLE 2
DIOURBEL,DIOURBEL,DIOURBEL,ECOLE MAME DIARRA,3,337,THEATRE DE VERDURE
DIOURBEL,DIOURBEL,DIOURBEL,ECOLE MAME DIARRA,4,337,BUREAU ANNEXE MAIRIE EX RPM
DIOURBEL,DIOURBEL,DIOURBEL,ECOLE MASSOURANG SOURANG,1,561,CLASSE CI A
DIOURBEL,DIOURBEL,DIOURBEL,ECOLE MASSOURANG SOURANG,2,552,CLASSE CP
DIOURBEL,DIOURBEL,DIOURBEL,ECOLE MASSOURANG SOURANG,3,554,CLASSE CE1 A
DIOURBEL,DIOURBEL,DIOURBEL,ECOLE MASSOURANG SOURANG,4,556,CLASSE CE1 B
DIOURBEL,DIOURBEL,DIOURBEL,ECOLE MASSOURANG SOURANG,5,552,CLASSE CE1 C
DIOURBEL,DIOURBEL,DIOURBEL,ECOLE MASSOURANG SOURANG,6,554,CLASSE CE2 A
DIOURBEL,DIOURBEL,DIOURBEL,ECOLE MASSOURANG SOURANG,7,554,CLASE CE2 B
DIOURBEL,DIOURBEL,DIOURBEL,ECOLE MASSOURANG SOURANG,8,555,CLASSE CM2 A
DIOURBEL,DIOURBEL,DIOURBEL,ECOLE MASSOURANG SOURANG,9,556,CLASSE  CM2 B
DIOURBEL,DIOURBEL,DIOURBEL,ECOLE MASSOURANG SOURANG,10,556,CLASSE CM1 A
DIOURBEL,DIOURBEL,DIOURBEL,ECOLE MASSOURANG SOURANG,11,555,CLASSE CM1 B
DIOURBEL,DIOURBEL,DIOURBEL,ECOLE MASSOURANG SOURANG,12,558,SALLE DE CLASSE
DIOURBEL,DIOURBEL,DIOURBEL,ECOLE MASSOURANG SOURANG,13,553,SALLE B 13 CEM BV 7
DIOURBEL,DIOURBEL,DIOURBEL,ECOLE MASSOURANG SOURANG,14,556,SALLE B 14 CEM BV 8
DIOURBEL,DIOURBEL,DIOURBEL,ECOLE MASSOURANG SOURANG,15,556,SALLE A 5 CEM BV 9
DIOURBEL,DIOURBEL,DIOURBEL,ECOLE MBAKHANE,1,234,CLASSE CM2
DIOURBEL,DIOURBEL,DIOURBEL,ECOLE MBAKHANE,2,233,CLASSE CI
DIOURBEL,DIOURBEL,DIOURBEL,ECOLE MERINA SORAH,1,549,CLASSE CI A
DIOURBEL,DIOURBEL,DIOURBEL,ECOLE MERINA SORAH,2,557,CLASSE CM1 B
DIOURBEL,DIOURBEL,DIOURBEL,ECOLE MERINA SORAH,3,104,CLASSE CI A
DIOURBEL,DIOURBEL,DIOURBEL,ECOLE MERINA TIBO,1,523,CLASSE CE2 A
DIOURBEL,DIOURBEL,DIOURBEL,ECOLE MERINA TIBO,2,531,CLASSE CE2 B
DIOURBEL,DIOURBEL,DIOURBEL,ECOLE MERINA TIBO,3,511,CLASSE CM2
DIOURBEL,DIOURBEL,DIOURBEL,ECOLE MERINA TIBO,4,402,SALLE DE CLASSE CE1 A
DIOURBEL,DIOURBEL,DIOURBEL,ECOLE NDAYANE (MBANG FAYE),1,583,CLASSE CE2 A
DIOURBEL,DIOURBEL,DIOURBEL,ECOLE NDAYANE (MBANG FAYE),2,581,CLASSE CP A
DIOURBEL,DIOURBEL,DIOURBEL,ECOLE NDAYANE (MBANG FAYE),3,581,CLASSE CE2 C
DIOURBEL,DIOURBEL,DIOURBEL,ECOLE NDAYANE (MBANG FAYE),4,584,SALLE 5
DIOURBEL,DIOURBEL,DIOURBEL,ECOLE NDAYANE (MBANG FAYE),5,583,SALLE GANA DIAGNE
DIOURBEL,DIOURBEL,DIOURBEL,ECOLE NDIODIONE,1,546,CLASSE CE2 A
DIOURBEL,DIOURBEL,DIOURBEL,ECOLE NDOBA FAYE,1,568,CM2 A ECOLE NDOBA FAYE
DIOURBEL,DIOURBEL,DIOURBEL,ECOLE NDOBA FAYE,2,564,CM2 B ECOLE NDOBA FAYE
DIOURBEL,DIOURBEL,DIOURBEL,ECOLE NDOBA FAYE,3,563,CM1B ECOLE NDOBA FAYE
DIOURBEL,DIOURBEL,DIOURBEL,ECOLE NDOBA FAYE,4,564,CM1 A ECOLE NDOBA FAYE
DIOURBEL,DIOURBEL,DIOURBEL,ECOLE NDOBA FAYE,5,564,CE1 B BLOC SANKORE
DIOURBEL,DIOURBEL,DIOURBEL,ECOLE NDOBA FAYE,6,561,CE1 A BLOC SANKORE
DIOURBEL,DIOURBEL,DIOURBEL,ECOLE NDOBA FAYE,7,563,SALLE 5
DIOURBEL,DIOURBEL,DIOURBEL,ECOLE NDOBA FAYE,8,563,SALLE DE CLASSE
DIOURBEL,DIOURBEL,DIOURBEL,ECOLE NDOBA FAYE,9,454,CLASSE CE2 A
DIOURBEL,DIOURBEL,DIOURBEL,ECOLE NEUVE (ALGOR DIOUM),1,585,CLASSE CM2 A
DIOURBEL,DIOURBEL,DIOURBEL,ECOLE NEUVE (ALGOR DIOUM),2,585,CLASSE CE2 A
DIOURBEL,DIOURBEL,DIOURBEL,ECOLE NEUVE (ALGOR DIOUM),3,585,CLASSE CE2 B
DIOURBEL,DIOURBEL,DIOURBEL,ECOLE NEUVE (ALGOR DIOUM),4,582,CLASSE CI A
DIOURBEL,DIOURBEL,DIOURBEL,ECOLE NEUVE (ALGOR DIOUM),5,581,CLASSE  CI B
DIOURBEL,DIOURBEL,DIOURBEL,ECOLE NEUVE (ALGOR DIOUM),6,582,CLASSE CP A
DIOURBEL,DIOURBEL,DIOURBEL,ECOLE NEUVE (ALGOR DIOUM),7,585,CLASSE CP B
DIOURBEL,DIOURBEL,DIOURBEL,ECOLE NEUVE (ALGOR DIOUM),8,583,CLASSE CE1 A
DIOURBEL,DIOURBEL,DIOURBEL,ECOLE NEUVE (ALGOR DIOUM),9,583,CLASSE CE1 B
DIOURBEL,DIOURBEL,DIOURBEL,ECOLE NEUVE (ALGOR DIOUM),10,582,CLASSE CM1 B
DIOURBEL,DIOURBEL,DIOURBEL,ECOLE NEUVE (ALGOR DIOUM),11,586,CLASSE CM2 C
DIOURBEL,DIOURBEL,DIOURBEL,ECOLE NEUVE (ALGOR DIOUM),12,581,CLASSE CM2 B
DIOURBEL,DIOURBEL,DIOURBEL,ECOLE NEUVE (ALGOR DIOUM),13,579,SALLE 6 SIDY GUISSE
DIOURBEL,DIOURBEL,DIOURBEL,ECOLE NEUVE (ALGOR DIOUM),14,585,SALLE 7 SIDY GUISSE
DIOURBEL,DIOURBEL,DIOURBEL,ECOLE NEUVE (ALGOR DIOUM),15,581,SALLE 5 SIDY GUISSE
DIOURBEL,DIOURBEL,DIOURBEL,ECOLE NEUVE (ALGOR DIOUM),16,586,CE1 A SIDY GUISSE
DIOURBEL,DIOURBEL,DIOURBEL,ECOLE NGOR SENE,1,583,CLASSE CE2 A
DIOURBEL,DIOURBEL,DIOURBEL,ECOLE NGOR SENE,2,580,CLASSE CP A
DIOURBEL,DIOURBEL,DIOURBEL,ECOLE NGOR SENE,3,580,CLASSE CP B
DIOURBEL,DIOURBEL,DIOURBEL,ECOLE NGOR SENE,4,577,CLASSE CE 2 B
DIOURBEL,DIOURBEL,DIOURBEL,ECOLE NGOR SENE,5,579,CLASSE CPC
DIOURBEL,DIOURBEL,DIOURBEL,ECOLE NGOR SENE,6,581,CIA
DIOURBEL,DIOURBEL,DIOURBEL,ECOLE NGOR SENE,7,564,CE 1 A
DIOURBEL,DIOURBEL,DIOURBEL,ECOLE NGOR SENE,8,250,CLASSE CI A
DIOURBEL,DIOURBEL,DIOURBEL,ECOLE SERIGNE MBAYE SARR,1,557,CLASSE CM2 A
DIOURBEL,DIOURBEL,DIOURBEL,ECOLE SERIGNE MBAYE SARR,2,564,CLASSE CE2 A
DIOURBEL,DIOURBEL,DIOURBEL,ECOLE SERIGNE MBAYE SARR,3,561,CLASSE CE1 A
DIOURBEL,DIOURBEL,DIOURBEL,ECOLE SERIGNE MBAYE SARR,4,557,CLASSE CE1 C
DIOURBEL,DIOURBEL,DIOURBEL,ECOLE SERIGNE MBAYE SARR,5,556,SALLE 7
DIOURBEL,DIOURBEL,DIOURBEL,ECOLE SERIGNE MBAYE SARR,6,553,SALLE 8
DIOURBEL,DIOURBEL,DIOURBEL,ECOLE SESSENE,1,499,CLASSE CE1 B
DIOURBEL,DIOURBEL,DIOURBEL,ECOLE SESSENE,2,476,CLASSE CI
DIOURBEL,DIOURBEL,DIOURBEL,ECOLE SESSENE,3,460,CE 2 A
DIOURBEL,DIOURBEL,DIOURBEL,ECOLE TOUBA NDIAREME,1,567,CLASSE CP A
DIOURBEL,DIOURBEL,DIOURBEL,ECOLE TOUBA NDIAREME,2,568,CLASSE CM1 C
DIOURBEL,DIOURBEL,DIOURBEL,ECOLE TOUBA NDIAREME,3,569,CLASSE CM2 A
DIOURBEL,DIOURBEL,DIOURBEL,ECOLE TOUBA NDIAREME,4,568,SALLE 6
DIOURBEL,DIOURBEL,DIOURBEL,ECOLE TOUBA NDIAREME,5,567,SALLE 4
DIOURBEL,DIOURBEL,DIOURBEL,ECOLE TOUBA NDIAREME,6,563,SALLE DE CLASSE CP B
DIOURBEL,DIOURBEL,DIOURBEL,LYCEE CHEIKH MOUHAMADOU M. MBACKE,1,481,SALLE 15
DIOURBEL,DIOURBEL,DIOURBEL,LYCEE CHEIKH MOUHAMADOU M. MBACKE,2,479,SALLE 13
DIOURBEL,DIOURBEL,DIOURBEL,LYCEE CHEIKH MOUHAMADOU M. MBACKE,3,480,SALLE 11
DIOURBEL,DIOURBEL,DIOURBEL,LYCEE CHEIKH MOUHAMADOU M. MBACKE,4,481,SALLE 09
DIOURBEL,DIOURBEL,DIOURBEL,LYCEE CHEIKH MOUHAMADOU M. MBACKE,5,478,SALLE 06
DIOURBEL,DIOURBEL,DIOURBEL,LYCEE CHEIKH MOUHAMADOU M. MBACKE,6,479,SALLE 17
DIOURBEL,DIOURBEL,DIOURBEL,NGOUYE,1,301,CLASSE CM2
DIOURBEL,DIOURBEL,GADE ESCALE,ECOLE TAIBA KALOM,1,306,MAGASIN CEREALIER
DIOURBEL,DIOURBEL,GADE ESCALE,GADE ESCALE,1,454,CLASSE CE1
DIOURBEL,DIOURBEL,GADE ESCALE,GADE ESCALE,2,455,SALLE DE CLASSE
DIOURBEL,DIOURBEL,GADE ESCALE,MOUSLADJI 1,1,288,CLASSE CP
DIOURBEL,DIOURBEL,GADE ESCALE,NDOUGOUBENE,1,218,CLASSE CI
DIOURBEL,DIOURBEL,KEUR NGALGOU,ECOLE DE TAWA,1,256,MAGASIN COOPERATIVE
DIOURBEL,DIOURBEL,KEUR NGALGOU,ECOLE KEUR ALLA NIANG,1,146,SALLE DE CLASSE
DIOURBEL,DIOURBEL,KEUR NGALGOU,ECOLE TEIGNE TEIGNE,1,245,SALLE DE CLASSE
DIOURBEL,DIOURBEL,KEUR NGALGOU,GADE KHAPSOU,1,216,CASE DE SANTE
DIOURBEL,DIOURBEL,KEUR NGALGOU,KEUR NGALGOU,1,568,CLASSE CE1
DIOURBEL,DIOURBEL,KEUR NGALGOU,KEUR NGALGOU,2,58,SALLE DE CLASSE
DIOURBEL,DIOURBEL,KEUR NGALGOU,NGANKAL OUOLOF,1,313,CLASSE CP
DIOURBEL,DIOURBEL,KEUR NGALGOU,NGHAWAW,1,476,CLASSE CI
DIOURBEL,DIOURBEL,KEUR NGALGOU,PALLENE,1,426,CLASSE CE1
DIOURBEL,DIOURBEL,KEUR NGALGOU,PEO FALL,1,185,MAGASIN CEREALIER
DIOURBEL,DIOURBEL,NDINDY,COKY GOUYE,1,411,CLASSE CM1
DIOURBEL,DIOURBEL,NDINDY,COKY GOUYE,2,410,CLASSE CE2
DIOURBEL,DIOURBEL,NDINDY,DAGA,1,206,CLASSE CI
DIOURBEL,DIOURBEL,NDINDY,DAROU DIA,1,335,MAGASIN CEREALIER
DIOURBEL,DIOURBEL,NDINDY,DIONGO,1,538,CLASSE CM2
DIOURBEL,DIOURBEL,NDINDY,ECOLE TAIBA SANTHIE 1,1,93,SALLE DE CLASSE
DIOURBEL,DIOURBEL,NDINDY,LAYABE,1,109,ABRI PROVISOIRE
DIOURBEL,DIOURBEL,NDINDY,LOUMENE,1,241,CLASSE CE1
DIOURBEL,DIOURBEL,NDINDY,MERINA SYLL,1,356,CLASSE CM1
DIOURBEL,DIOURBEL,NDINDY,NDIATACK,1,490,CLASSE CP
DIOURBEL,DIOURBEL,NDINDY,NDIMBE,1,406,CLASSE CI
DIOURBEL,DIOURBEL,NDINDY,NDINDY,1,519,CLASSE CM2
DIOURBEL,DIOURBEL,NDINDY,NDINDY,2,522,CLASSE CE1
DIOURBEL,DIOURBEL,NDINDY,NDINDY,3,521,CLASSE CM1
DIOURBEL,DIOURBEL,NDINDY,NDINDY,4,520,CLASSE CP
DIOURBEL,DIOURBEL,NDINDY,NGHAYE,1,92,CLASSE CI
DIOURBEL,DIOURBEL,NDINDY,TAIBA NDIAGNE 1,1,121,ABRI PROVISOIRE
DIOURBEL,DIOURBEL,NDINDY,TALLAKH,1,252,ABRI PROVISOIRE
DIOURBEL,DIOURBEL,NDOULO,DAKAR MBAYARD,1,200,ABRI PROVISOIRE
DIOURBEL,DIOURBEL,NDOULO,ECOLE ARABE NDOULO PEULH,1,128,SALLE 1
DIOURBEL,DIOURBEL,NDOULO,ECOLE MBEYE WOKANE,1,175,ABRI PROVISOIRE
DIOURBEL,DIOURBEL,NDOULO,GORETTE,1,136,ABRI PROVISOIRE
DIOURBEL,DIOURBEL,NDOULO,KHOKHE NGADIAGA,1,190,ABRI PROVISOIRE
DIOURBEL,DIOURBEL,NDOULO,KHOULE,1,388,CLASSE CM2
DIOURBEL,DIOURBEL,NDOULO,MBAYENE,1,177,ABRI PROVISOIRE
DIOURBEL,DIOURBEL,NDOULO,MERINA THIAKHO,1,129,CLASSE CE1
DIOURBEL,DIOURBEL,NDOULO,NDIOUFFENE WOKANE,1,247,CLASSE CM2
DIOURBEL,DIOURBEL,NDOULO,NDIOUFFENE WOKANE,2,247,CLASSE CE2
DIOURBEL,DIOURBEL,NDOULO,NDOULO,1,541,CLASSE CM2A
DIOURBEL,DIOURBEL,NDOULO,NDOULO,2,541,CLASSE CM2B
DIOURBEL,DIOURBEL,NDOULO,NDOULO,3,539,MAISON COMMUNAUTAIRE
DIOURBEL,DIOURBEL,NDOULO,NDOULO,4,539,CLASSE CP B
DIOURBEL,DIOURBEL,NDOULO,NGOUNDJODJE,1,494,CLASSE CP
DIOURBEL,DIOURBEL,NDOULO,NIANGHE,1,145,ABRI PROVISOIRE
DIOURBEL,DIOURBEL,NDOULO,TAYRE OUOLOF,1,195,ABRI PROVISOIRE
DIOURBEL,DIOURBEL,NDOULO,THIOUTHIE WOKANE,1,515,CLASSE C E 2
DIOURBEL,DIOURBEL,NGOHE,CITE OUVRIERE SEIB,1,394,CLASSE CIA
DIOURBEL,DIOURBEL,NGOHE,CITE OUVRIERE SEIB,2,393,CLASSE CM2A
DIOURBEL,DIOURBEL,NGOHE,DIOMKHEL,1,595,CLASSE CE2
DIOURBEL,DIOURBEL,NGOHE,DIOMKHEL,2,26,ECOLE ELEMENTAIRE
DIOURBEL,DIOURBEL,NGOHE,DOMB,1,474,CLASSE CM2
DIOURBEL,DIOURBEL,NGOHE,ECOLE BOUNDOU,1,371,SALLE 1
DIOURBEL,DIOURBEL,NGOHE,FINTEL DJIGATE,1,321,SALLE 1
DIOURBEL,DIOURBEL,NGOHE,FINTEL SOMB,1,350,CLASSE CM 2
DIOURBEL,DIOURBEL,NGOHE,FINTEL SOMB,2,348,CLASSE CE2
DIOURBEL,DIOURBEL,NGOHE,KADAM,1,589,CLASSE CM1
DIOURBEL,DIOURBEL,NGOHE,KEUR GANE,1,390,CLASSE CM2
DIOURBEL,DIOURBEL,NGOHE,KEUR GANE,2,390,CLASSE CM1
DIOURBEL,DIOURBEL,NGOHE,LAGNAR GOUMACK,1,333,CLASSE CM2
DIOURBEL,DIOURBEL,NGOHE,LAGNAR GOUMACK,2,332,CLASSE CE2
DIOURBEL,DIOURBEL,NGOHE,NDIABAYE,1,323,CLASSE CI
DIOURBEL,DIOURBEL,NGOHE,NDIANDE,1,411,CLASSE CP
DIOURBEL,DIOURBEL,NGOHE,NDIETTE NGOHE,1,551,CLASSE CM2 A
DIOURBEL,DIOURBEL,NGOHE,NDIETTE NGOHE,2,549,CLASSE CI A
DIOURBEL,DIOURBEL,NGOHE,NDIETTE NGOHE,3,561,CLASSE CE2 A
DIOURBEL,DIOURBEL,NGOHE,NDIETTE NGOHE,4,546,SALLE DE CLASSE
DIOURBEL,DIOURBEL,NGOHE,NDIETTE NGOHE,5,399,SALLE DE CLASSE CI B
DIOURBEL,DIOURBEL,NGOHE,NDIGALEME,1,159,ECOLE ELEMENTAIRE
DIOURBEL,DIOURBEL,NGOHE,NDJISSE,1,600,CLASSE CM2
DIOURBEL,DIOURBEL,NGOHE,NDOFFENE ECOLE,1,462,CLASSE CM2
DIOURBEL,DIOURBEL,NGOHE,NDOFFENE ECOLE,2,461,CLASSE CE2
DIOURBEL,DIOURBEL,NGOHE,TOCK NGOL,1,472,CLASSE CM2
DIOURBEL,DIOURBEL,PATTAR,DAROU SAMBE,1,531,CLASSE CM2
DIOURBEL,DIOURBEL,PATTAR,DAROU SAMBE,2,529,CLASSE CE2
DIOURBEL,DIOURBEL,PATTAR,DIAKAEL DIGUE,1,332,CLASSE CI
DIOURBEL,DIOURBEL,PATTAR,DIAKAEL DIGUE,2,333,CLASSE CP
DIOURBEL,DIOURBEL,PATTAR,ECOLE DABEL BARA,1,234,SALLE 1
DIOURBEL,DIOURBEL,PATTAR,ECOLE SAMBE NGOTHIE,1,207,SALLE 1
DIOURBEL,DIOURBEL,PATTAR,ECOLE SAMBE PEULH 1,1,272,SALLE 1
DIOURBEL,DIOURBEL,PATTAR,GAPPO,1,526,CLASSE CM2
DIOURBEL,DIOURBEL,PATTAR,KHABANE,1,216,ABRI PROVISOIRE
DIOURBEL,DIOURBEL,PATTAR,KHODJIL MBOSSEKH,1,482,CLASSE CM2
DIOURBEL,DIOURBEL,PATTAR,KHODJIL MBOSSEKH,2,327,CLASSE CI A
DIOURBEL,DIOURBEL,PATTAR,KOEL SERERE,1,145,SALLE DE CLASSE 1
DIOURBEL,DIOURBEL,PATTAR,NDIONAYE,1,358,CLASSE CE2
DIOURBEL,DIOURBEL,PATTAR,PATTAR,1,293,CLASSE CM2
DIOURBEL,DIOURBEL,PATTAR,PATTAR,2,292,CLASSE CM1
DIOURBEL,DIOURBEL,PATTAR,SAMBE NGUINTH,1,388,CASE SANTE
DIOURBEL,DIOURBEL,PATTAR,SAMBE NGUINTH,2,389,ABRI PROVISOIRE
DIOURBEL,DIOURBEL,PATTAR,SAMBE PEULH 2,1,383,CLASSE CE2
DIOURBEL,DIOURBEL,PATTAR,SAMBE TOKOSSONE 2,1,123,ABRI PROVISOIRE
DIOURBEL,DIOURBEL,PATTAR,SASSE,1,396,CLASSE CM1
DIOURBEL,DIOURBEL,PATTAR,THIOBE OUOLOF,1,422,CLASSE CM1
DIOURBEL,DIOURBEL,TAIBA MOUTOUPHA,DAROU MBAYE,1,186,CASE DE SANTE
DIOURBEL,DIOURBEL,TAIBA MOUTOUPHA,ECOLE MBAMBE,1,295,SALLE DE CLASSE
DIOURBEL,DIOURBEL,TAIBA MOUTOUPHA,ECOLE NDIETTE,1,404,SALLE DE CLASSE
DIOURBEL,DIOURBEL,TAIBA MOUTOUPHA,ECOLE THIALY,1,216,MAGASIN COOPERATIVE
DIOURBEL,DIOURBEL,TAIBA MOUTOUPHA,GNINGUENE,1,331,CLASSE CP
DIOURBEL,DIOURBEL,TAIBA MOUTOUPHA,MBARASSANE,1,546,CLASSE CE1
DIOURBEL,DIOURBEL,TAIBA MOUTOUPHA,MBARASSANE,2,158,SALLE DE CLASSE CM1
DIOURBEL,DIOURBEL,TAIBA MOUTOUPHA,NDIA LAPPE,1,235,CLASSE CE2
DIOURBEL,DIOURBEL,TAIBA MOUTOUPHA,NDIAMBOUTY,1,225,ABRI PROVISOIRE
DIOURBEL,DIOURBEL,TAIBA MOUTOUPHA,TAIBA MOUTOUPHA,1,563,CLASSE CM1
DIOURBEL,DIOURBEL,TAIBA MOUTOUPHA,TAIBA MOUTOUPHA,2,37,CLASSE CP
DIOURBEL,DIOURBEL,TAIBA MOUTOUPHA,THIENDIEGNE,1,435,CLASSE CE2
DIOURBEL,DIOURBEL,TAIBA MOUTOUPHA,TOUBE,1,127,CASE DE SANTE
DIOURBEL,DIOURBEL,TAIBA MOUTOUPHA,YAMAL,1,402,CLASSE CE1
DIOURBEL,DIOURBEL,TOCKY GARE,AFFIA MBACKE LACKRAM,1,211,CLASSE CM1
DIOURBEL,DIOURBEL,TOCKY GARE,DOUGOUL SERERE,1,345,ABRI PROVISOIRE
DIOURBEL,DIOURBEL,TOCKY GARE,ECOLE DIOKAM,1,275,SALLE DE CLASSE CI
DIOURBEL,DIOURBEL,TOCKY GARE,ECOLE GOBACK,1,258,SALLE DE CLASSE CP
DIOURBEL,DIOURBEL,TOCKY GARE,ECOLE KHAYOKH,1,185,SALLE DE CLASSE CE1
DIOURBEL,DIOURBEL,TOCKY GARE,GODAGUENE,1,332,CLASSE CE2
DIOURBEL,DIOURBEL,TOCKY GARE,KEUR AMADOU DIOP,1,405,CLASSE CM2
DIOURBEL,DIOURBEL,TOCKY GARE,KEUR SAKH SAKH,1,425,MAGASIN FIDA
DIOURBEL,DIOURBEL,TOCKY GARE,KOBA,1,223,MAGASIN CEREALIER
DIOURBEL,DIOURBEL,TOCKY GARE,LOUMBEL THIAO,1,387,CLASSE CE2
DIOURBEL,DIOURBEL,TOCKY GARE,MBEYNA OUOLOF,1,340,ABRI PROVISOIRE
DIOURBEL,DIOURBEL,TOCKY GARE,MEDE,1,230,ABRI PROVISOIRE
DIOURBEL,DIOURBEL,TOCKY GARE,MERINA SARR,1,277,ABRI PROVISOIRE
DIOURBEL,DIOURBEL,TOCKY GARE,NDAYANE,1,365,CLASSE CP
DIOURBEL,DIOURBEL,TOCKY GARE,NEBE SERERE,1,565,CLASSE CM2
DIOURBEL,DIOURBEL,TOCKY GARE,NENE,1,276,ABRI PROVISOIRE
DIOURBEL,DIOURBEL,TOCKY GARE,NGOLOMONE,1,256,MAGASIN FIDA
DIOURBEL,DIOURBEL,TOCKY GARE,TOCKY GARE,1,522,CLASSE CM1 B
DIOURBEL,DIOURBEL,TOCKY GARE,TOCKY GARE,2,523,CLASSE CP
DIOURBEL,DIOURBEL,TOCKY GARE,TOCKY GARE,3,522,SALLE DE CLASSE
DIOURBEL,DIOURBEL,TOCKY GARE,WALALANE,1,274,CLASSE CE2
DIOURBEL,DIOURBEL,TOUBA LAPPE,ECOLE KALOM 1,1,192,SALLE DE CLASSE
DIOURBEL,DIOURBEL,TOUBA LAPPE,ECOLE KEUR MACTAR DIENG,1,125,SALLE DE CLASSE
DIOURBEL,DIOURBEL,TOUBA LAPPE,ECOLE MOUSLADJI 2,1,247,SALLE DE CLASSE
DIOURBEL,DIOURBEL,TOUBA LAPPE,ECOLE NDIOMPY 2,1,166,SALLE DE CLASSE
DIOURBEL,DIOURBEL,TOUBA LAPPE,LAPPE 1,1,364,CLASSE CE2
DIOURBEL,DIOURBEL,TOUBA LAPPE,LAPPE 2,1,125,ABRI PROVISOIRE
DIOURBEL,DIOURBEL,TOUBA LAPPE,NDIOMPY 1,1,226,ABRI PROVISOIRE
DIOURBEL,DIOURBEL,TOUBA LAPPE,NDOGAL SANTHIE,1,138,ABRI PROVISOIRE
DIOURBEL,DIOURBEL,TOURE MBONDE,DARA,1,341,SALLE 1
DIOURBEL,DIOURBEL,TOURE MBONDE,ECOLE MELO FALL,1,234,SALLE 1
DIOURBEL,DIOURBEL,TOURE MBONDE,ECOLE SAREME OUOLOF,1,429,SALLE 1
DIOURBEL,DIOURBEL,TOURE MBONDE,E F A NGALAGNE,1,363,SALLE 1
DIOURBEL,DIOURBEL,TOURE MBONDE,KANE KANE,1,445,MAGASIN FIDA
DIOURBEL,DIOURBEL,TOURE MBONDE,KEUR TAMSIR,1,410,CLASSE CI CP
DIOURBEL,DIOURBEL,TOURE MBONDE,KONTEYENE DAPPA,1,460,CLASSE CP
DIOURBEL,DIOURBEL,TOURE MBONDE,MBAYENE DIMB,1,131,ABRI PROVISOIRE
DIOURBEL,DIOURBEL,TOURE MBONDE,SAREME SERERE,1,572,CLASSE CI
DIOURBEL,DIOURBEL,TOURE MBONDE,SEMBENE,1,473,CLASSE CM1 CE2
DIOURBEL,DIOURBEL,TOURE MBONDE,THIANDIGUE,1,344,ABRI PROVISOIRE
DIOURBEL,DIOURBEL,TOURE MBONDE,THISSE,1,94,ABRI PROVISOIRE
DIOURBEL,DIOURBEL,TOURE MBONDE,TOURE MBONDE,1,244,CLASSE CM2
DIOURBEL,DIOURBEL,TOURE MBONDE,TOURE MBONDE,2,245,CLASSE CI
DIOURBEL,MBACKE,DALLA NGABOU,BAITY PALENE,1,419,ABRI PROVISOIRE
DIOURBEL,MBACKE,DALLA NGABOU,DAGA DIOUF 1,1,264,ABRI PROVISOIRE
DIOURBEL,MBACKE,DALLA NGABOU,DALLA,1,443,CLASSE CE1
DIOURBEL,MBACKE,DALLA NGABOU,DALLA,2,446,ECOLE ELEMENTAIRE
DIOURBEL,MBACKE,DALLA NGABOU,DEUYE SANGOU,1,366,CLASSE CP
DIOURBEL,MBACKE,DALLA NGABOU,DIGANE,1,310,ABRI PROVISOIRE
DIOURBEL,MBACKE,DALLA NGABOU,KHOUROU MBACKE,1,259,ABRI PROVISOIRE
DIOURBEL,MBACKE,DALLA NGABOU,NGABOU 3,1,587,CLASSE CP
DIOURBEL,MBACKE,DALLA NGABOU,NGABOU 3,2,586,CLASSE CE1
DIOURBEL,MBACKE,DALLA NGABOU,THIENTHIE 3,1,452,ABRI PROVISOIRE
DIOURBEL,MBACKE,DANDEYE GOUYGUI,DENDEYE,1,580,CLASSE CM1
DIOURBEL,MBACKE,DANDEYE GOUYGUI,ECOLE NGUERANE,1,327,SALLE DE CLASSE
DIOURBEL,MBACKE,DANDEYE GOUYGUI,GOUYGUI,1,503,CLASSE CM2
DIOURBEL,MBACKE,DANDEYE GOUYGUI,NDIOLOFFENE,1,473,CLASSE CM2
DIOURBEL,MBACKE,DANDEYE GOUYGUI,NDIOLOFFENE,2,472,CLASSE CE1
DIOURBEL,MBACKE,DANDEYE GOUYGUI,SAM CONTOR,1,380,ABRI PROVISOIRE
DIOURBEL,MBACKE,DAROU NAHIM,DAROU MBACKE,1,141,ABRI PROVISOIRE
DIOURBEL,MBACKE,DAROU NAHIM,DAROU NAHIM,1,503,CLASSE CP
DIOURBEL,MBACKE,DAROU NAHIM,DAROU NAHIM,2,501,ECOLE S. ALIOU MBACKE CM1
DIOURBEL,MBACKE,DAROU NAHIM,DAROU NAHIM,3,324,CLASSE CI
DIOURBEL,MBACKE,DAROU NAHIM,ECOLE THIALLE,1,144,ABRI PROVISOIRE
DIOURBEL,MBACKE,DAROU NAHIM,GOWANE FAYE,1,67,CLASSE CM2
DIOURBEL,MBACKE,DAROU NAHIM,MBAMBARY,1,85,ABRI PROVISOIRE
DIOURBEL,MBACKE,DAROU NAHIM,THIECKENE,1,115,ABRI PROVISOIRE
DIOURBEL,MBACKE,DAROU SALAM TYP,BOUSTANE MBACKE,1,284,CLASSE CM2
DIOURBEL,MBACKE,DAROU SALAM TYP,DAROU SALAM TYP,1,560,CLASSE CM2
DIOURBEL,MBACKE,DAROU SALAM TYP,DAROU SALAM TYP,2,559,CLASSE CP
DIOURBEL,MBACKE,DAROU SALAM TYP,ECOLE DAROU GUEYE,1,291,CLASSE CE1
DIOURBEL,MBACKE,DAROU SALAM TYP,ECOLE TAOFEKH KHAYGA,1,394,CLASSE CM1
DIOURBEL,MBACKE,DAROU SALAM TYP,MAGASIN VILLAGEOIS NASROU GRIGNEL,1,192,SALLE 2
DIOURBEL,MBACKE,DAROU SALAM TYP,NASROU MBACKE,1,358,CLASSE CI
DIOURBEL,MBACKE,KAEL,ECOLE GOUBE,1,104,ABRI PROVISOIRE
DIOURBEL,MBACKE,KAEL,ECOLE LAMA 2,1,228,ECOLE LAMA 2 CLASSE CM2
DIOURBEL,MBACKE,KAEL,FASS KAEL,1,190,CLASSE CP
DIOURBEL,MBACKE,KAEL,KAEL,1,227,CLASSE CP
DIOURBEL,MBACKE,KAEL,KAEL,2,226,CLASSE CE1
DIOURBEL,MBACKE,KAEL,MAGASIN VILLAGEOIS SAM THIALLE,1,350,ABRI PROVISOIRE
DIOURBEL,MBACKE,KAEL,MAGASIN VILLAGEOIS TOUBA BOBOREL,1,41,ABRI PROVISOIRE
DIOURBEL,MBACKE,KAEL,MAIRIE DE KAEL,1,514,SALLE 1
DIOURBEL,MBACKE,KAEL,MAIRIE DE KAEL,2,281,SALLE DE DELIBERATION
DIOURBEL,MBACKE,KAEL,MBANANY 2,1,529,ABRI PROVISOIRE
DIOURBEL,MBACKE,KAEL,TOUBA KAEL,1,300,ABRI PROVISOIRE
DIOURBEL,MBACKE,MADINA,BOBY MBACKE,1,474,CLASSE CP
DIOURBEL,MBACKE,MADINA,DAROU WAHAB,1,49,ABRI PROVISOIRE
DIOURBEL,MBACKE,MADINA,ECOLE GUIRGNEL / MBAYENE,1,283,CLASSE CM1
DIOURBEL,MBACKE,MADINA,ECOLE MADINA,1,510,CLASSE CI
DIOURBEL,MBACKE,MADINA,ECOLE MADINA,2,369,CLASSE CE2
DIOURBEL,MBACKE,MADINA,ECOLE NGASSAMA 1,1,273,CLASSE CE2
DIOURBEL,MBACKE,MADINA,MAGASIN PUBLIC DAROU RAHMANE,1,294,ABRI PROVISOIRE
DIOURBEL,MBACKE,MADINA,MAGASIN PUBLIC NDIOUROUL,1,155,ABRI PROVISOIRE
DIOURBEL,MBACKE,MADINA,NDOCK 1,1,348,CLASSE CE1
DIOURBEL,MBACKE,MBACKE,ECOLE CHEIKH IBRA FALL,1,582,CLASSE CIA
DIOURBEL,MBACKE,MBACKE,ECOLE CHEIKH IBRA FALL,2,584,CLASSE CPA
DIOURBEL,MBACKE,MBACKE,ECOLE CHEIKH IBRA FALL,3,583,CLASSE CE1B
DIOURBEL,MBACKE,MBACKE,ECOLE CHEIKH IBRA FALL,4,582,CLASSE CM1A
DIOURBEL,MBACKE,MBACKE,ECOLE CHEIKH IBRA FALL,5,582,CLASSE CM2B
DIOURBEL,MBACKE,MBACKE,ECOLE CHEIKH IBRA FALL,6,581,CLASSE CM2A
DIOURBEL,MBACKE,MBACKE,ECOLE CHEIKH IBRA FALL,7,584,CLASSE CE1A
DIOURBEL,MBACKE,MBACKE,ECOLE CHEIKH IBRA FALL,8,583,CLASSE CIC
DIOURBEL,MBACKE,MBACKE,ECOLE CHEIKH IBRA FALL,9,581,CLASSE CE2A
DIOURBEL,MBACKE,MBACKE,ECOLE CHEIKH IBRA FALL,10,580,CLASSE CE1 B
DIOURBEL,MBACKE,MBACKE,ECOLE CHEIKH IBRA FALL,11,582,CLASSE CE1 A
DIOURBEL,MBACKE,MBACKE,ECOLE DIAMGUENE,1,577,CLASSE CE2A
DIOURBEL,MBACKE,MBACKE,ECOLE DIAMGUENE,2,576,CLASSE CM2B
DIOURBEL,MBACKE,MBACKE,ECOLE DIAMGUENE,3,574,CLASSE CIA
DIOURBEL,MBACKE,MBACKE,ECOLE DIAMGUENE,4,578,CLASSE CE1A
DIOURBEL,MBACKE,MBACKE,ECOLE FRANCO ARABE OMAR DIOP,1,288,CLASSE CE1B
DIOURBEL,MBACKE,MBACKE,ECOLE FRANCO ARABE OMAR DIOP,2,288,CLASSE CPB
DIOURBEL,MBACKE,MBACKE,ECOLE FRANCO ARABE OMAR DIOP,3,289,CLASSE CIB
DIOURBEL,MBACKE,MBACKE,ECOLE FRANCO ARABE OMAR DIOP,4,289,CLASSE CE2A
DIOURBEL,MBACKE,MBACKE,ECOLE FRANCO ARABE OMAR DIOP,5,288,CLASSE CM1
DIOURBEL,MBACKE,MBACKE,ECOLE MAME CHEIKH ANTA MBACKE,1,587,CLASSE CM1A
DIOURBEL,MBACKE,MBACKE,ECOLE MAME CHEIKH ANTA MBACKE,2,591,CLASSE CM2A
DIOURBEL,MBACKE,MBACKE,ECOLE MAME CHEIKH ANTA MBACKE,3,588,CLASSE CM2B
DIOURBEL,MBACKE,MBACKE,ECOLE MAME CHEIKH ANTA MBACKE,4,591,CLASSE CE2B
DIOURBEL,MBACKE,MBACKE,ECOLE MAME CHEIKH ANTA MBACKE,5,585,CLASSE CE1B
DIOURBEL,MBACKE,MBACKE,ECOLE MAME CHEIKH ANTA MBACKE,6,589,CLASSE CPB
DIOURBEL,MBACKE,MBACKE,ECOLE MAME CHEIKH ANTA MBACKE,7,587,CLASSE CPA
DIOURBEL,MBACKE,MBACKE,ECOLE MAME CHEIKH ANTA MBACKE,8,584,CLASSE CIA
DIOURBEL,MBACKE,MBACKE,ECOLE MAME CHEIKH ANTA MBACKE,9,589,CLASSE CE 1 C
DIOURBEL,MBACKE,MBACKE,ECOLE MAME CHEIKH ANTA MBACKE,10,591,CLASSE CE1A
DIOURBEL,MBACKE,MBACKE,ECOLE MAME CHEIKH ANTA MBACKE,11,585,CLASSE CPC
DIOURBEL,MBACKE,MBACKE,ECOLE MAME CHEIKH ANTA MBACKE,12,586,CLASSE CP1B
DIOURBEL,MBACKE,MBACKE,ECOLE MAME CHEIKH ANTA MBACKE,13,589,CLASSE CE1 A
DIOURBEL,MBACKE,MBACKE,ECOLE MAME CHEIKH ANTA MBACKE,14,588,CLASSE CP C
DIOURBEL,MBACKE,MBACKE,ECOLE MAME CHEIKH ANTA MBACKE,15,408,CLASSE CM2 C
DIOURBEL,MBACKE,MBACKE,ECOLE MAME MOR DIARRA,1,574,CLASSE CE2A
DIOURBEL,MBACKE,MBACKE,ECOLE MAME MOR DIARRA,2,573,CLASSE CE1A
DIOURBEL,MBACKE,MBACKE,ECOLE MAME MOR DIARRA,3,575,CLASSE CM2B
DIOURBEL,MBACKE,MBACKE,ECOLE MAME MOR DIARRA,4,576,CLASSE CM2A
DIOURBEL,MBACKE,MBACKE,ECOLE MAME MOR DIARRA,5,570,CLASSE CIB
DIOURBEL,MBACKE,MBACKE,ECOLE MAME MOR DIARRA,6,572,CLASSE CIA
DIOURBEL,MBACKE,MBACKE,ECOLE MAME MOR DIARRA,7,575,CLASSE CIC
DIOURBEL,MBACKE,MBACKE,ECOLE MAME MOR DIARRA,8,577,CLASSE CM1C
DIOURBEL,MBACKE,MBACKE,ECOLE MAME MOR DIARRA,9,575,CLASSE CM1A
DIOURBEL,MBACKE,MBACKE,ECOLE MAME MOR DIARRA,10,568,CLASSE CM1 B
DIOURBEL,MBACKE,MBACKE,ECOLE MAME MOR DIARRA,11,396,CLASSE CE1 A
DIOURBEL,MBACKE,MBACKE,ECOLE MATERNELLE,1,517,SALLE 1
DIOURBEL,MBACKE,MBACKE,ECOLE MATERNELLE,2,517,SALLE 2
DIOURBEL,MBACKE,MBACKE,ECOLE MATERNELLE,3,517,SALLE 3
DIOURBEL,MBACKE,MBACKE,ECOLE MBACKE KHEWAR 1,1,538,CLASSE CIA
DIOURBEL,MBACKE,MBACKE,ECOLE MBACKE KHEWAR 1,2,541,CLASSE CE1B
DIOURBEL,MBACKE,MBACKE,ECOLE MBACKE KHEWAR 1,3,543,CLASSE CM1B
DIOURBEL,MBACKE,MBACKE,ECOLE MBACKE KHEWAR 1,4,545,CLASSE CM2A
DIOURBEL,MBACKE,MBACKE,ECOLE MBACKE KHEWAR 1,5,511,CLASSE CE2 A
DIOURBEL,MBACKE,MBACKE,ECOLE NDIAKALACK,1,585,CLASSE CIA
DIOURBEL,MBACKE,MBACKE,ECOLE NDIAKALACK,2,581,CLASSE CPA
DIOURBEL,MBACKE,MBACKE,ECOLE NDIAKALACK,3,584,CLASSE CM2 B
DIOURBEL,MBACKE,MBACKE,ECOLE NDIAKALACK,4,582,CLASSE CM1 B
DIOURBEL,MBACKE,MBACKE,ECOLE NDIAKALACK,5,586,CLASSE CM1A
DIOURBEL,MBACKE,MBACKE,ECOLE NDIAKALACK,6,582,CLASSE CE2B
DIOURBEL,MBACKE,MBACKE,ECOLE NDIAKALACK,7,583,CLASSE CE2 A
DIOURBEL,MBACKE,MBACKE,ECOLE SERIGNE BASSIROU MBACKE,1,571,CLASSE CIB
DIOURBEL,MBACKE,MBACKE,ECOLE SERIGNE BASSIROU MBACKE,2,568,CLASSE CE1B
DIOURBEL,MBACKE,MBACKE,ECOLE SERIGNE BASSIROU MBACKE,3,568,CLASSE CM1A
DIOURBEL,MBACKE,MBACKE,ECOLE SERIGNE BASSIROU MBACKE,4,563,CLASSE CE2A
DIOURBEL,MBACKE,MBACKE,ECOLE SERIGNE BASSIROU MBACKE,5,299,CLASSE CP B
DIOURBEL,MBACKE,MBACKE,ECOLE SERIGNE MASSAMBA MBACKE,1,555,CLASSE CE1A
DIOURBEL,MBACKE,MBACKE,ECOLE SERIGNE MASSAMBA MBACKE,2,555,CLASSE CE1B
DIOURBEL,MBACKE,MBACKE,ECOLE SERIGNE MASSAMBA MBACKE,3,557,CLASSE CP
DIOURBEL,MBACKE,MBACKE,ECOLE SOKHNA KHARY PENDA FALL,1,566,CLASSE CM2B
DIOURBEL,MBACKE,MBACKE,ECOLE SOKHNA KHARY PENDA FALL,2,572,CLASSE CE2B
DIOURBEL,MBACKE,MBACKE,ECOLE SOKHNA KHARY PENDA FALL,3,567,CLASSE CM1A
DIOURBEL,MBACKE,MBACKE,ECOLE SOKHNA KHARY PENDA FALL,4,571,CLASSE CE1B
DIOURBEL,MBACKE,MBACKE,ECOLE SOKHNA KHARY PENDA FALL,5,572,CLASSE CIA
DIOURBEL,MBACKE,MBACKE,ECOLE SOKHNA KHARY PENDA FALL,6,574,CLASSE CM1 B
DIOURBEL,MBACKE,MBACKE,ECOLE SOKHNA KHARY PENDA FALL,7,571,CLASSE CM2A
DIOURBEL,MBACKE,MBACKE,ECOLE SOKHNA KHARY PENDA FALL,8,568,CLASSE CM2C
DIOURBEL,MBACKE,MBACKE,ECOLE SOKHNA KHARY PENDA FALL,9,570,CLASSE CIC
DIOURBEL,MBACKE,MBACKE,ECOLE SOKHNA KHARY PENDA FALL,10,364,CLASSE CP C
DIOURBEL,MBACKE,MBACKE,FOYER DE LA FEMME,1,561,ECOLE CHEIKH MOUSTAPHA FALL
DIOURBEL,MBACKE,MBACKE,FOYER DE LA FEMME,2,559,ECOLE CHEIKH MOUSTAPHA FALL
DIOURBEL,MBACKE,MBACKE,FOYER DE LA FEMME,3,559,ECOLE CHEIKH MOUSTAPHA FALL
DIOURBEL,MBACKE,MISSIRAH (MBACKE),DAROU RAHMANE 2,1,545,ABRI PROVISOIRE
DIOURBEL,MBACKE,MISSIRAH (MBACKE),DAROU RAHMANE 2,2,266,ABRI PROVISOIRE
DIOURBEL,MBACKE,MISSIRAH (MBACKE),KHAMNANE,1,265,CLASSE CP
DIOURBEL,MBACKE,MISSIRAH (MBACKE),KHEWAR MISSIRAH,1,476,ABRI PROVISOIRE
DIOURBEL,MBACKE,MISSIRAH (MBACKE),LOUGOUL,1,177,CLASSE CE1
DIOURBEL,MBACKE,MISSIRAH (MBACKE),MBAYENE MISSIRAH,1,197,ABRI PROVISOIRE
DIOURBEL,MBACKE,MISSIRAH (MBACKE),MISSIRAH,1,537,CLASSE CE1
DIOURBEL,MBACKE,MISSIRAH (MBACKE),MISSIRAH,2,539,CLASSE CE2
DIOURBEL,MBACKE,MISSIRAH (MBACKE),MISSIRAH,3,540,CLASSE CM1
DIOURBEL,MBACKE,MISSIRAH (MBACKE),MISSIRAH,4,538,ECOLE ELEMENTAIRE
DIOURBEL,MBACKE,MISSIRAH (MBACKE),THIASKY,1,231,ABRI PROVISOIRE
DIOURBEL,MBACKE,NDIOUMANE,BOUSTANE DIAO,1,179,ABRI PROVISOIRE
DIOURBEL,MBACKE,NDIOUMANE,ECOLE DOYOLI 2,1,335,CLASSE CE1
DIOURBEL,MBACKE,NDIOUMANE,KOFFA,1,448,CLASSE CP
DIOURBEL,MBACKE,NDIOUMANE,NDIOUMANE,1,600,CLASSE CE2
DIOURBEL,MBACKE,NDIOUMANE,NDIOUMANE,2,600,CLASSE CP
DIOURBEL,MBACKE,NGHAYE,GANDIOLE,1,252,ABRI PROVISOIRE
DIOURBEL,MBACKE,NGHAYE,GOROTTE 1,1,93,SALLE DE CLASSE
DIOURBEL,MBACKE,NGHAYE,MBILY,1,523,CLASSE CP
DIOURBEL,MBACKE,NGHAYE,MBILY,2,99,CLASSE CE1
DIOURBEL,MBACKE,NGHAYE,NDIAGUEBE,1,174,ABRI PROVISOIRE
DIOURBEL,MBACKE,NGHAYE,NGHAYE,1,568,CLASSE CE1
DIOURBEL,MBACKE,NGHAYE,YASSY 1,1,592,CLASSE CP
DIOURBEL,MBACKE,NGHAYE,YASSY 1,2,41,CLASSE CI
DIOURBEL,MBACKE,NGHAYE,YERY,1,533,CLASSE CE1
DIOURBEL,MBACKE,NGHAYE,YERY,2,163,SALLE DE CLASSE
DIOURBEL,MBACKE,SADIO,BADJI,1,258,CLASSE CM
DIOURBEL,MBACKE,SADIO,BANANE WAGADOU,1,574,CLASSE CE
DIOURBEL,MBACKE,SADIO,BANANE WAGADOU,2,28,SALLE DE CLASSE
DIOURBEL,MBACKE,SADIO,DIABI 1,1,297,SALLE DE CLASSE
DIOURBEL,MBACKE,SADIO,GAYNA KEUR TAMSIR,1,498,CLASSE CM
DIOURBEL,MBACKE,SADIO,GUERLE OUOLOF,1,515,CLASSE CE
DIOURBEL,MBACKE,SADIO,KAMBEL,1,526,CLASSE CP
DIOURBEL,MBACKE,SADIO,MEDINA BOURLE,1,152,SALLE DE CLASSE
DIOURBEL,MBACKE,SADIO,NDIOUFENE,1,121,ECOLE ARABE
DIOURBEL,MBACKE,SADIO,NGARAF 1,1,374,CLASSE CP
DIOURBEL,MBACKE,SADIO,NGARAF MBAYENE,1,406,SALLE DE CLASSE
DIOURBEL,MBACKE,SADIO,SADIO,1,563,CLASSE CI
DIOURBEL,MBACKE,SADIO,SADIO,2,563,CLASSE CM2
DIOURBEL,MBACKE,SADIO,SADIO,3,564,CLASSE CP
DIOURBEL,MBACKE,SADIO,SADIO,4,573,CLASSE CE1
DIOURBEL,MBACKE,SADIO,SADIO,5,561,CLASSE CE2
DIOURBEL,MBACKE,SADIO,SADIO,6,561,CLASSE CM1
DIOURBEL,MBACKE,SADIO,SADIO,7,558,SALLE DE CLASSE
DIOURBEL,MBACKE,SADIO,SADIO,8,557,SALLE DE CLASSE
DIOURBEL,MBACKE,SADIO,SADIO,9,316,SALLE DE CLASSE
DIOURBEL,MBACKE,SADIO,SADIO MBAYARD,1,493,CLASSE CE1
DIOURBEL,MBACKE,SADIO,SADIO MBAYARD,2,493,CLASSE CM2
DIOURBEL,MBACKE,TAIBA THIEKENE,ECOLE GOWANE SERERE,1,328,CLASSE CP
DIOURBEL,MBACKE,TAIBA THIEKENE,ECOLE NDENDE,1,78,SALLE DE CLASSE
DIOURBEL,MBACKE,TAIBA THIEKENE,GORETTE,1,127,ABRI PROVISOIRE
DIOURBEL,MBACKE,TAIBA THIEKENE,TAIBA THIECKENE,1,550,CLASSE CP
DIOURBEL,MBACKE,TAIBA THIEKENE,TAIBA THIECKENE,2,548,CE1 ECOLE TAIBA THIECKENE
DIOURBEL,MBACKE,TAIBA THIEKENE,TAINABE,1,187,ABRI PROVISOIRE
DIOURBEL,MBACKE,TAIF,BAYLA,1,532,CLASSE CE
DIOURBEL,MBACKE,TAIF,BAYLA,2,228,CLASSE CM2
DIOURBEL,MBACKE,TAIF,BOMBALI,1,234,CALSSE CP
DIOURBEL,MBACKE,TAIF,BOUL ERI NDIOLOFENE,1,487,CLASSE CM
DIOURBEL,MBACKE,TAIF,BOUL ERI NDIOLOFENE,2,442,CLASSE CE2
DIOURBEL,MBACKE,TAIF,ECOLE ELEMENTAIRE DANKI,1,390,SALLE DE CLASSE
DIOURBEL,MBACKE,TAIF,ECOLE ELEMENTAIRE NDAME,1,292,SALLE DE CLASSE
DIOURBEL,MBACKE,TAIF,SANDATOU,1,120,CLASSE CP
DIOURBEL,MBACKE,TAIF,TAIF,1,579,CLASSE CE1
DIOURBEL,MBACKE,TAIF,TAIF,2,582,CLASSE CE2
DIOURBEL,MBACKE,TAIF,TAIF,3,580,CLASE CM1
DIOURBEL,MBACKE,TAIF,TAIF,4,579,CLASSE CI
DIOURBEL,MBACKE,TAIF,TAIF,5,578,CLASSE CM2
DIOURBEL,MBACKE,TAIF,TAIF,6,580,CLASSE CP
DIOURBEL,MBACKE,TAIF,TAIF,7,581,SALLE DE CLASSE
DIOURBEL,MBACKE,TAIF,TOUBA NABA,1,495,CLASSE CI
DIOURBEL,MBACKE,TAIF,TOUBA NABA,2,242,SALLE DE CLASSE
DIOURBEL,MBACKE,TAIF,TOUBA NGHAYE,1,377,CLASSE CE
DIOURBEL,MBACKE,TOUBA FALL,GUEBE 1,1,410,CLASSE CP
DIOURBEL,MBACKE,TOUBA FALL,KAOSSARA,1,401,CLASSE CP
DIOURBEL,MBACKE,TOUBA FALL,MBAME PEULH 1,1,431,ABRI PROVISOIRE
DIOURBEL,MBACKE,TOUBA FALL,MEDINA TOURE,1,485,ABRI PROVISOIRE
DIOURBEL,MBACKE,TOUBA FALL,TOUBA DIAWALDY,1,331,ABRI PROVISOIRE
DIOURBEL,MBACKE,TOUBA FALL,TOUBA FALL,1,519,CLASSE CE1
DIOURBEL,MBACKE,TOUBA FALL,TOUBA FALL,2,519,CLASSE CE2
DIOURBEL,MBACKE,TOUBA FALL,TOUBA FALL,3,518,CLASSE CM1
DIOURBEL,MBACKE,TOUBA MBOUL,DIAORE COUTA,1,366,CLASSE CM1
DIOURBEL,MBACKE,TOUBA MBOUL,DIAWE SERERE,1,241,CLASSE CM1
DIOURBEL,MBACKE,TOUBA MBOUL,ECOLE KEUR MADIOP SERERE,1,463,SALLE DE CLASSE
DIOURBEL,MBACKE,TOUBA MBOUL,KAMADOU,1,417,CLASSE CE1
DIOURBEL,MBACKE,TOUBA MBOUL,MAGASIN PUBLIQUE SEO TOURE,1,313,SALLE 2
DIOURBEL,MBACKE,TOUBA MBOUL,NDOYENE,1,399,CLASSE CP
DIOURBEL,MBACKE,TOUBA MBOUL,PATHIEME 1,1,393,CLASSE CP
DIOURBEL,MBACKE,TOUBA MBOUL,TOUBA MBOUL,1,431,CLASSE CI
DIOURBEL,MBACKE,TOUBA MBOUL,TOUBA MBOUL,2,431,CLASSE CE2
DIOURBEL,MBACKE,TOUBA MBOUL,TOUBA MBOUL,3,432,CLASSE CM2
DIOURBEL,MBACKE,TOUBA MOSQUEE,AFFE,1,220,ABRI PROVISOIRE
DIOURBEL,MBACKE,TOUBA MOSQUEE,ALIA,1,548,ABRI PROVISOIRE
DIOURBEL,MBACKE,TOUBA MOSQUEE,ALIA,2,550,ABRI PROVISOIRE
DIOURBEL,MBACKE,TOUBA MOSQUEE,ALIA,3,552,ABRI PROVISOIRE
DIOURBEL,MBACKE,TOUBA MOSQUEE,ALIA,4,551,MARCHE ALIA ABRI PROVISOIRE
DIOURBEL,MBACKE,TOUBA MOSQUEE,ALIA,5,554,ABRI PROVISOIRE
DIOURBEL,MBACKE,TOUBA MOSQUEE,ALIA,6,554,ABRI PROVISOIRE
DIOURBEL,MBACKE,TOUBA MOSQUEE,ALIA,7,554,ABRI PROVISOIRE
DIOURBEL,MBACKE,TOUBA MOSQUEE,ALIA,8,554,ABRI PROVISOIRE
DIOURBEL,MBACKE,TOUBA MOSQUEE,ALIA,9,553,ABRI PROVISOIRE
DIOURBEL,MBACKE,TOUBA MOSQUEE,ALIA,10,551,ABRI PROVISOIRE
DIOURBEL,MBACKE,TOUBA MOSQUEE,ALIA,11,554,ABRI PROVISOIRE
DIOURBEL,MBACKE,TOUBA MOSQUEE,ALIA,12,553,ABRI PROVISOIRE
DIOURBEL,MBACKE,TOUBA MOSQUEE,BACOURA,1,352,ABRI PROVISOIRE
DIOURBEL,MBACKE,TOUBA MOSQUEE,BANGATHIE,1,165,CLASSE CP
DIOURBEL,MBACKE,TOUBA MOSQUEE,BLVD KEUR NIANG X CORNICHE RTE SOLBOCK,1,568,ABRI PROVISOIRE
DIOURBEL,MBACKE,TOUBA MOSQUEE,BLVD KEUR NIANG X CORNICHE RTE SOLBOCK,2,569,ABRI PROVISOIRE
DIOURBEL,MBACKE,TOUBA MOSQUEE,BLVD KEUR NIANG X CORNICHE RTE SOLBOCK,3,566,ABRI PROVISOIRE
DIOURBEL,MBACKE,TOUBA MOSQUEE,BLVD KEUR NIANG X CORNICHE RTE SOLBOCK,4,568,ABRI PROVISOIRE
DIOURBEL,MBACKE,TOUBA MOSQUEE,BLVD KEUR NIANG X CORNICHE RTE SOLBOCK,5,567,ABRI PROVISOIRE
DIOURBEL,MBACKE,TOUBA MOSQUEE,BLVD KEUR NIANG X CORNICHE RTE SOLBOCK,6,569,ABRI PROVISOIRE
DIOURBEL,MBACKE,TOUBA MOSQUEE,BLVD KEUR NIANG X CORNICHE RTE SOLBOCK,7,567,ABRI PROVISOIRE
DIOURBEL,MBACKE,TOUBA MOSQUEE,BLVD KEUR NIANG X CORNICHE RTE SOLBOCK,8,566,ABRI PROVISOIRE
DIOURBEL,MBACKE,TOUBA MOSQUEE,BLVD KEUR NIANG X CORNICHE RTE SOLBOCK,9,569,ABRI PROVISOIRE
DIOURBEL,MBACKE,TOUBA MOSQUEE,BLVD KEUR NIANG X CORNICHE RTE SOLBOCK,10,568,ABRI PROVISOIRE
DIOURBEL,MBACKE,TOUBA MOSQUEE,BLVD KEUR NIANG X CORNICHE RTE SOLBOCK,11,569,ABRI PROVISOIRE
DIOURBEL,MBACKE,TOUBA MOSQUEE,BLVD KEUR NIANG X CORNICHE RTE SOLBOCK,12,568,ABRI PROVISOIRE
DIOURBEL,MBACKE,TOUBA MOSQUEE,BLVD KEUR NIANG X CORNICHE RTE SOLBOCK,13,569,ABRI PROVISOIRE
DIOURBEL,MBACKE,TOUBA MOSQUEE,BLVD KEUR NIANG X CORNICHE RTE SOLBOCK,14,567,ABRI PROVISOIRE
DIOURBEL,MBACKE,TOUBA MOSQUEE,BLVD KEUR NIANG X CORNICHE RTE SOLBOCK,15,565,ABRI PROVISOIRE
DIOURBEL,MBACKE,TOUBA MOSQUEE,BLVD KEUR NIANG X CORNICHE RTE SOLBOCK,16,568,ABRI PROVISOIRE
DIOURBEL,MBACKE,TOUBA MOSQUEE,BLVD KEUR NIANG X CORNICHE RTE SOLBOCK,17,566,ABRI PROVISOIRE
DIOURBEL,MBACKE,TOUBA MOSQUEE,BLVD KEUR NIANG X CORNICHE RTE SOLBOCK,18,568,ABRI PROVISOIRE
DIOURBEL,MBACKE,TOUBA MOSQUEE,BLVD KEUR NIANG X CORNICHE RTE SOLBOCK,19,568,ABRI PROVISOIRE
DIOURBEL,MBACKE,TOUBA MOSQUEE,BLVD KEUR NIANG X CORNICHE RTE SOLBOCK,20,568,ABRI PROVISOIRE
DIOURBEL,MBACKE,TOUBA MOSQUEE,BLVD KEUR NIANG X CORNICHE RTE SOLBOCK,21,568,ABRI PROVISOIRE
DIOURBEL,MBACKE,TOUBA MOSQUEE,BLVD KEUR NIANG X CORNICHE RTE SOLBOCK,22,565,ABRI PROVISOIRE
DIOURBEL,MBACKE,TOUBA MOSQUEE,BLVD KEUR NIANG X CORNICHE RTE SOLBOCK,23,567,ABRI PROVISOIRE
DIOURBEL,MBACKE,TOUBA MOSQUEE,BLVD KEUR NIANG X CORNICHE RTE SOLBOCK,24,567,ABRI PROVISOIRE
DIOURBEL,MBACKE,TOUBA MOSQUEE,BLVD KEUR SERIGNE NIANE DIOP X CORNICHE,1,581,ABRI PROVISOIRE
DIOURBEL,MBACKE,TOUBA MOSQUEE,BLVD KEUR SERIGNE NIANE DIOP X CORNICHE,2,586,ABRI PROVISOIRE
DIOURBEL,MBACKE,TOUBA MOSQUEE,BLVD KEUR SERIGNE NIANE DIOP X CORNICHE,3,584,ABRI PROVISOIRE
DIOURBEL,MBACKE,TOUBA MOSQUEE,BLVD KEUR SERIGNE NIANE DIOP X CORNICHE,4,589,ABRI PROVISOIRE
DIOURBEL,MBACKE,TOUBA MOSQUEE,BLVD KEUR SERIGNE NIANE DIOP X CORNICHE,5,590,ABRI PROVISOIRE
DIOURBEL,MBACKE,TOUBA MOSQUEE,BLVD KEUR SERIGNE NIANE DIOP X CORNICHE,6,581,ABRI PROVISOIRE
DIOURBEL,MBACKE,TOUBA MOSQUEE,BLVD KEUR SERIGNE NIANE DIOP X CORNICHE,7,585,ABRI PROVISOIRE
DIOURBEL,MBACKE,TOUBA MOSQUEE,BLVD KEUR SERIGNE NIANE DIOP X CORNICHE,8,583,ABRI PROVISOIRE
DIOURBEL,MBACKE,TOUBA MOSQUEE,BLVD KEUR SERIGNE NIANE DIOP X CORNICHE,9,585,ABRI PROVISOIRE
DIOURBEL,MBACKE,TOUBA MOSQUEE,BLVD KEUR SERIGNE NIANE DIOP X CORNICHE,10,581,ABRI PROVISOIRE
DIOURBEL,MBACKE,TOUBA MOSQUEE,BLVD KEUR SERIGNE NIANE DIOP X CORNICHE,11,584,ABRI PROVISOIRE
DIOURBEL,MBACKE,TOUBA MOSQUEE,BLVD KEUR SERIGNE NIANE DIOP X CORNICHE,12,583,ABRI PROVISOIRE
DIOURBEL,MBACKE,TOUBA MOSQUEE,BLVD KEUR SERIGNE NIANE DIOP X CORNICHE,13,583,ABRI PROVISOIRE
DIOURBEL,MBACKE,TOUBA MOSQUEE,BLVD KEUR SERIGNE NIANE DIOP X CORNICHE,14,586,ABRI PROVISOIRE
DIOURBEL,MBACKE,TOUBA MOSQUEE,BLVD KEUR SERIGNE NIANE DIOP X CORNICHE,15,584,ABRI PROVISOIRE
DIOURBEL,MBACKE,TOUBA MOSQUEE,BLVD KEUR SERIGNE NIANE DIOP X CORNICHE,16,584,ABRI PROVISOIRE
DIOURBEL,MBACKE,TOUBA MOSQUEE,BLVD KEUR SERIGNE NIANE DIOP X CORNICHE,17,584,ABRI PROVISOIRE
DIOURBEL,MBACKE,TOUBA MOSQUEE,BLVD KEUR SERIGNE NIANE DIOP X CORNICHE,18,583,ABRI PROVISOIRE
DIOURBEL,MBACKE,TOUBA MOSQUEE,BLVD KEUR SERIGNE NIANE DIOP X CORNICHE,19,581,ABRI PROVISOIRE
DIOURBEL,MBACKE,TOUBA MOSQUEE,BLVD KEUR SERIGNE NIANE DIOP X CORNICHE,20,585,ABRI PROVISOIRE
DIOURBEL,MBACKE,TOUBA MOSQUEE,BLVD KEUR SERIGNE NIANE DIOP X CORNICHE,21,582,ABRI PROVISOIRE
DIOURBEL,MBACKE,TOUBA MOSQUEE,BLVD KEUR SERIGNE NIANE DIOP X CORNICHE,22,585,ABRI PROVISOIRE
DIOURBEL,MBACKE,TOUBA MOSQUEE,BLVD KEUR SERIGNE NIANE DIOP X CORNICHE,23,581,ABRI PROVISOIRE
DIOURBEL,MBACKE,TOUBA MOSQUEE,BLVD KEUR SERIGNE NIANE DIOP X CORNICHE,24,584,ABRI PROVISOIRE
DIOURBEL,MBACKE,TOUBA MOSQUEE,BLVD KEUR SERIGNE NIANE DIOP X CORNICHE,25,589,ABRI PROVISOIRE
DIOURBEL,MBACKE,TOUBA MOSQUEE,BLVD KEUR SERIGNE NIANE DIOP X CORNICHE,26,581,ABRI PROVISOIRE
DIOURBEL,MBACKE,TOUBA MOSQUEE,BLVD KEUR SERIGNE NIANE DIOP X CORNICHE,27,582,ABRI PROVISOIRE
DIOURBEL,MBACKE,TOUBA MOSQUEE,BLVD KEUR SERIGNE NIANE DIOP X CORNICHE,28,585,ABRI PROVISOIRE
DIOURBEL,MBACKE,TOUBA MOSQUEE,BLVD KEUR SERIGNE NIANE DIOP X CORNICHE,29,584,ABRI PROVISOIRE
DIOURBEL,MBACKE,TOUBA MOSQUEE,BLVD KEUR SERIGNE NIANE DIOP X CORNICHE,30,586,ABRI PROVISOIRE
DIOURBEL,MBACKE,TOUBA MOSQUEE,BLVD KEUR SERIGNE NIANE DIOP X CORNICHE,31,585,ABRI PROVISOIRE
DIOURBEL,MBACKE,TOUBA MOSQUEE,BLVD KEUR SERIGNE NIANE DIOP X CORNICHE,32,580,ABRI PROVISOIRE
DIOURBEL,MBACKE,TOUBA MOSQUEE,BLVD KEUR SERIGNE NIANE DIOP X CORNICHE,33,589,ABRI PROVISOIRE
DIOURBEL,MBACKE,TOUBA MOSQUEE,BLVD KEUR SERIGNE NIANE DIOP X CORNICHE,34,588,ABRI PROVISOIRE
DIOURBEL,MBACKE,TOUBA MOSQUEE,BLVD KEUR SERIGNE NIANE DIOP X CORNICHE,35,582,ABRI PROVISOIRE
DIOURBEL,MBACKE,TOUBA MOSQUEE,BLVD KEUR SERIGNE NIANE DIOP X CORNICHE,36,582,ABRI PROVISOIRE
DIOURBEL,MBACKE,TOUBA MOSQUEE,BLVD KEUR SERIGNE NIANE DIOP X CORNICHE,37,584,ABRI PROVISOIRE
DIOURBEL,MBACKE,TOUBA MOSQUEE,BLVD KEUR SERIGNE NIANE DIOP X CORNICHE,38,584,ABRI PROVISOIRE
DIOURBEL,MBACKE,TOUBA MOSQUEE,BLVD TINDODY ANGLE ROCADE EST,1,597,ABRI PROVISOIRE
DIOURBEL,MBACKE,TOUBA MOSQUEE,BLVD TINDODY ANGLE ROCADE EST,2,595,ABRI PROVISOIRE
DIOURBEL,MBACKE,TOUBA MOSQUEE,BLVD TINDODY ANGLE ROCADE EST,3,596,ABRI PROVISOIRE
DIOURBEL,MBACKE,TOUBA MOSQUEE,BLVD TINDODY ANGLE ROCADE EST,4,596,ABRI PROVISOIRE
DIOURBEL,MBACKE,TOUBA MOSQUEE,BLVD TINDODY ANGLE ROCADE EST,5,587,ABRI PROVISOIRE
DIOURBEL,MBACKE,TOUBA MOSQUEE,BLVD TINDODY ANGLE ROCADE EST,6,594,ABRI PROVISOIRE
DIOURBEL,MBACKE,TOUBA MOSQUEE,BLVD TINDODY ANGLE ROCADE EST,7,593,ABRI PROVISOIRE
DIOURBEL,MBACKE,TOUBA MOSQUEE,BLVD TINDODY ANGLE ROCADE EST,8,593,ABRI PROVISOIRE
DIOURBEL,MBACKE,TOUBA MOSQUEE,BLVD TINDODY ANGLE ROCADE EST,9,595,ABRI PROVISOIRE
DIOURBEL,MBACKE,TOUBA MOSQUEE,BLVD TINDODY ANGLE ROCADE EST,10,593,ABRI PROVISOIRE
DIOURBEL,MBACKE,TOUBA MOSQUEE,BLVD TINDODY ANGLE ROCADE EST,11,597,ABRI PROVISOIRE
DIOURBEL,MBACKE,TOUBA MOSQUEE,BLVD TINDODY ANGLE ROCADE EST,12,596,ABRI PROVISOIRE
DIOURBEL,MBACKE,TOUBA MOSQUEE,BLVD TINDODY ANGLE ROCADE EST,13,593,ABRI PROVISOIRE
DIOURBEL,MBACKE,TOUBA MOSQUEE,BLVD TINDODY ANGLE ROCADE EST,14,594,ABRI PROVISOIRE
DIOURBEL,MBACKE,TOUBA MOSQUEE,BLVD TINDODY ANGLE ROCADE EST,15,591,ABRI PROVISOIRE
DIOURBEL,MBACKE,TOUBA MOSQUEE,BLVD TINDODY ANGLE ROCADE EST,16,591,ABRI PROVISOIRE
DIOURBEL,MBACKE,TOUBA MOSQUEE,BLVD TINDODY ANGLE ROCADE EST,17,594,ABRI PROVISOIRE
DIOURBEL,MBACKE,TOUBA MOSQUEE,BLVD TINDODY ANGLE ROCADE EST,18,596,ABRI PROVISOIRE
DIOURBEL,MBACKE,TOUBA MOSQUEE,BLVD TINDODY ANGLE ROCADE EST,19,593,ABRI PROVISOIRE
DIOURBEL,MBACKE,TOUBA MOSQUEE,BLVD TINDODY ANGLE ROCADE EST,20,595,ABRI PROVISOIRE
DIOURBEL,MBACKE,TOUBA MOSQUEE,BLVD TINDODY ANGLE ROCADE EST,21,594,ABRI PROVISOIRE
DIOURBEL,MBACKE,TOUBA MOSQUEE,BLVD TINDODY ANGLE ROCADE EST,22,595,ABRI PROVISOIRE
DIOURBEL,MBACKE,TOUBA MOSQUEE,BLVD TINDODY ANGLE ROCADE EST,23,595,ABRI PROVISOIRE
DIOURBEL,MBACKE,TOUBA MOSQUEE,BLVD TINDODY ANGLE ROCADE EST,24,595,ABRI PROVISOIRE
DIOURBEL,MBACKE,TOUBA MOSQUEE,BLVD TINDODY ANGLE ROCADE EST,25,591,ABRI PROVISOIRE
DIOURBEL,MBACKE,TOUBA MOSQUEE,BLVD TINDODY ANGLE ROCADE EST,26,592,ABRI PROVISOIRE
DIOURBEL,MBACKE,TOUBA MOSQUEE,BLVD TINDODY ANGLE ROCADE EST,27,592,ABRI PROVISOIRE
DIOURBEL,MBACKE,TOUBA MOSQUEE,BLVD TINDODY ANGLE ROCADE EST,28,595,ABRI PROVISOIRE
DIOURBEL,MBACKE,TOUBA MOSQUEE,BLVD TINDODY ANGLE ROCADE EST,29,589,ABRI PROVISOIRE
DIOURBEL,MBACKE,TOUBA MOSQUEE,BLVD TINDODY ANGLE ROCADE EST,30,590,ABRI PROVISOIRE
DIOURBEL,MBACKE,TOUBA MOSQUEE,BLVD TINDODY ANGLE ROCADE EST,31,592,ABRI PROVISOIRE
DIOURBEL,MBACKE,TOUBA MOSQUEE,BLVD TINDODY ANGLE ROCADE EST,32,593,ABRI PROVISOIRE
DIOURBEL,MBACKE,TOUBA MOSQUEE,BOREL THIALENE,1,347,ABRI PROVISOIRE
DIOURBEL,MBACKE,TOUBA MOSQUEE,BOREL THIALENE,2,347,ABRI PROVISOIRE
DIOURBEL,MBACKE,TOUBA MOSQUEE,BOREL THIALENE,3,346,ABRI PROVISOIRE
DIOURBEL,MBACKE,TOUBA MOSQUEE,BOUKHATOUL MOUBARAKA,1,522,ABRI PROVISOIRE
DIOURBEL,MBACKE,TOUBA MOSQUEE,BOUKHATOUL MOUBARAKA,2,523,ABRI PROVISOIRE
DIOURBEL,MBACKE,TOUBA MOSQUEE,BOUKHATOUL MOUBARAKA,3,523,ABRI PROVISOIRE
DIOURBEL,MBACKE,TOUBA MOSQUEE,BOUKHATOUL MOUBARAKA,4,521,ABRI PROVISOIRE
DIOURBEL,MBACKE,TOUBA MOSQUEE,BOUKHATOUL MOUBARAKA,5,520,ABRI PROVISOIRE
DIOURBEL,MBACKE,TOUBA MOSQUEE,BOUKHATOUL MOUBARAKA,6,522,ABRI PROVISOIRE
DIOURBEL,MBACKE,TOUBA MOSQUEE,BOUKHATOUL MOUBARAKA,7,522,ABRI PROVISOIRE
DIOURBEL,MBACKE,TOUBA MOSQUEE,BOUKHATOUL MOUBARAKA,8,523,ABRI PROVISOIRE
DIOURBEL,MBACKE,TOUBA MOSQUEE,BOUKHATOUL MOUBARAKA,9,522,ABRI PROVISOIRE
DIOURBEL,MBACKE,TOUBA MOSQUEE,BOUKHATOUL MOUBARAKA,10,523,ABRI PROVISOIRE
DIOURBEL,MBACKE,TOUBA MOSQUEE,BOUKHATOUL MOUBARAKA,11,524,ABRI PROVISOIRE
DIOURBEL,MBACKE,TOUBA MOSQUEE,BOUKHATOUL MOUBARAKA,12,523,ABRI PROVISOIRE
DIOURBEL,MBACKE,TOUBA MOSQUEE,BOUKHATOUL MOUBARAKA,13,524,ABRI PROVISOIRE
DIOURBEL,MBACKE,TOUBA MOSQUEE,BOUKHATOUL MOUBARAKA,14,522,ABRI PROVISOIRE
DIOURBEL,MBACKE,TOUBA MOSQUEE,BOUKHATOUL MOUBARAKA,15,523,ABRI PROVISOIRE
DIOURBEL,MBACKE,TOUBA MOSQUEE,BOUKHATOUL MOUBARAKA,16,523,ABRI PROVISOIRE
DIOURBEL,MBACKE,TOUBA MOSQUEE,BOUKHATOUL MOUBARAKA,17,521,ABRI PROVISOIRE
DIOURBEL,MBACKE,TOUBA MOSQUEE,DAROU BOGO,1,144,ABRI PROVISOIRE
DIOURBEL,MBACKE,TOUBA MOSQUEE,DAROU KARIM,1,588,ABRI PROVISOIRE
DIOURBEL,MBACKE,TOUBA MOSQUEE,DAROU KARIM,2,587,ABRI PROVISOIRE
DIOURBEL,MBACKE,TOUBA MOSQUEE,DAROU KARIM,3,47,ECOLE
DIOURBEL,MBACKE,TOUBA MOSQUEE,DAROU MARNANE AL AZAR,1,437,ABRI PROVISOIRE
DIOURBEL,MBACKE,TOUBA MOSQUEE,DAROU MARNANE AL AZAR,2,435,ABRI PROVISOIRE
DIOURBEL,MBACKE,TOUBA MOSQUEE,DAROU MARNANE AL AZAR,3,434,ABRI PROVISOIRE
DIOURBEL,MBACKE,TOUBA MOSQUEE,DAROU MARNANE AL AZAR,4,434,ABRI PROVISOIRE
DIOURBEL,MBACKE,TOUBA MOSQUEE,DAROU MARNANE AL AZAR,5,435,ABRI PROVISOIRE
DIOURBEL,MBACKE,TOUBA MOSQUEE,DAROU MARNANE AL AZAR,6,435,ABRI PROVISOIRE
DIOURBEL,MBACKE,TOUBA MOSQUEE,DAROU MARNANE AL AZAR,7,435,ABRI PROVISOIRE
DIOURBEL,MBACKE,TOUBA MOSQUEE,DAROU MARNANE AL AZAR,8,434,ABRI PROVISOIRE
DIOURBEL,MBACKE,TOUBA MOSQUEE,DAROU MARNANE AL AZAR,9,436,ABRI PROVISOIRE
DIOURBEL,MBACKE,TOUBA MOSQUEE,DAROU MARNANE AL AZAR,10,435,ABRI PROVISOIRE
DIOURBEL,MBACKE,TOUBA MOSQUEE,DAROU MARNANE AL AZAR,11,434,ABRI PROVISOIRE
DIOURBEL,MBACKE,TOUBA MOSQUEE,DAROU MARNANE AL AZAR,12,433,ABRI PROVISOIRE
DIOURBEL,MBACKE,TOUBA MOSQUEE,DAROU MARNANE AL AZAR,13,431,ABRI PROVISOIRE
DIOURBEL,MBACKE,TOUBA MOSQUEE,DAROU MARNANE AL AZAR,14,436,ABRI PROVISOIRE
DIOURBEL,MBACKE,TOUBA MOSQUEE,DAROU MARNANE AL AZAR,15,436,ABRI PROVISOIRE
DIOURBEL,MBACKE,TOUBA MOSQUEE,DAROU MARNANE AL AZAR,16,434,ABRI PROVISOIRE
DIOURBEL,MBACKE,TOUBA MOSQUEE,DAROU MARNANE AL AZAR,17,434,ABRI PROVISOIRE
DIOURBEL,MBACKE,TOUBA MOSQUEE,DAROU MARNANE AL AZAR,18,432,ECOLE AL AZHAR ABRI PROVISOIRE
DIOURBEL,MBACKE,TOUBA MOSQUEE,DAROU MARNANE AL AZAR,19,435,ECOLE AL AZHAR ABRI PROVISOIRE
DIOURBEL,MBACKE,TOUBA MOSQUEE,DAROU MARNANE AL AZAR,20,435,ECOLE AL AZHAR ABRI PROVISOIRE
DIOURBEL,MBACKE,TOUBA MOSQUEE,DAROU MARNANE ARRONDISSEMENT,1,519,CLASSE CIA
DIOURBEL,MBACKE,TOUBA MOSQUEE,DAROU MARNANE ARRONDISSEMENT,2,517,CLASSE CIB
DIOURBEL,MBACKE,TOUBA MOSQUEE,DAROU MARNANE ARRONDISSEMENT,3,518,CLASSE CPA
DIOURBEL,MBACKE,TOUBA MOSQUEE,DAROU MARNANE ARRONDISSEMENT,4,518,CLASSE CPB
DIOURBEL,MBACKE,TOUBA MOSQUEE,DAROU MARNANE ARRONDISSEMENT,5,518,CLASSE CE1A
DIOURBEL,MBACKE,TOUBA MOSQUEE,DAROU MARNANE ARRONDISSEMENT,6,517,CLASSE CE1B
DIOURBEL,MBACKE,TOUBA MOSQUEE,DAROU MARNANE ARRONDISSEMENT,7,517,CLASSE CE2A
DIOURBEL,MBACKE,TOUBA MOSQUEE,DAROU MARNANE ARRONDISSEMENT,8,515,CLASSE CE2 B
DIOURBEL,MBACKE,TOUBA MOSQUEE,DAROU MARNANE ARRONDISSEMENT,9,519,CLASSE CM1A
DIOURBEL,MBACKE,TOUBA MOSQUEE,DAROU MARNANE ARRONDISSEMENT,10,518,CLASSE CM1B
DIOURBEL,MBACKE,TOUBA MOSQUEE,DAROU MARNANE ARRONDISSEMENT,11,515,CLASSE CM2A
DIOURBEL,MBACKE,TOUBA MOSQUEE,DAROU MARNANE ARRONDISSEMENT,12,520,CLASSE CM2B
DIOURBEL,MBACKE,TOUBA MOSQUEE,DAROU MARNANE ARRONDISSEMENT,13,514,ABRI PROVISOIRE
DIOURBEL,MBACKE,TOUBA MOSQUEE,DAROU MARNANE ARRONDISSEMENT,14,520,ABRI PROVISOIRE
DIOURBEL,MBACKE,TOUBA MOSQUEE,DAROU MARNANE ARRONDISSEMENT,15,520,ABRI PROVISOIRE
DIOURBEL,MBACKE,TOUBA MOSQUEE,DAROU MARNANE ARRONDISSEMENT,16,520,ABRI PROVISOIRE
DIOURBEL,MBACKE,TOUBA MOSQUEE,DAROU MARNANE ARRONDISSEMENT,17,517,ABRI PROVISOIRE
DIOURBEL,MBACKE,TOUBA MOSQUEE,DAROU MARNANE ARRONDISSEMENT,18,519,ABRI PROVISOIRE
DIOURBEL,MBACKE,TOUBA MOSQUEE,DAROU MARNANE ARRONDISSEMENT,19,516,ABRI PROVISOIRE
DIOURBEL,MBACKE,TOUBA MOSQUEE,DAROU MARNANE ARRONDISSEMENT,20,519,ABRI PROVISOIRE
DIOURBEL,MBACKE,TOUBA MOSQUEE,DAROU MARNANE ARRONDISSEMENT,21,516,ABRI PROVISOIRE
DIOURBEL,MBACKE,TOUBA MOSQUEE,DAROU MARNANE ARRONDISSEMENT,22,519,ABRI PROVISOIRE
DIOURBEL,MBACKE,TOUBA MOSQUEE,DAROU MARNANE ARRONDISSEMENT,23,518,ABRI PROVISOIRE
DIOURBEL,MBACKE,TOUBA MOSQUEE,DAROU MARNANE ARRONDISSEMENT,24,519,ABRI PROVISOIRE
DIOURBEL,MBACKE,TOUBA MOSQUEE,DAROU MARNANE ARRONDISSEMENT,25,518,ABRI PROVISOIRE
DIOURBEL,MBACKE,TOUBA MOSQUEE,DAROU MARNANE ARRONDISSEMENT,26,516,ABRI PROVISOIRE
DIOURBEL,MBACKE,TOUBA MOSQUEE,DAROU MARNANE ARRONDISSEMENT,27,519,ABRI PROVISOIRE
DIOURBEL,MBACKE,TOUBA MOSQUEE,DAROU MARNANE ARRONDISSEMENT,28,518,ABRI PROVISOIRE
DIOURBEL,MBACKE,TOUBA MOSQUEE,DAROU MARNANE ARRONDISSEMENT,29,517,ABRI PROVISOIRE
DIOURBEL,MBACKE,TOUBA MOSQUEE,DAROU MARNANE ARRONDISSEMENT,30,519,ABRI PROVISOIRE
DIOURBEL,MBACKE,TOUBA MOSQUEE,DAROU MARNANE ARRONDISSEMENT,31,519,ABRI PROVISOIRE
DIOURBEL,MBACKE,TOUBA MOSQUEE,DAROU MARNANE ARRONDISSEMENT,32,518,ABRI PROVISOIRE
DIOURBEL,MBACKE,TOUBA MOSQUEE,DAROU MARNANE ARRONDISSEMENT,33,517,ABRI PROVISOIRE
DIOURBEL,MBACKE,TOUBA MOSQUEE,DAROU MARNANE ARRONDISSEMENT,34,519,ABRI PROVISOIRE
DIOURBEL,MBACKE,TOUBA MOSQUEE,DAROU MARNANE ARRONDISSEMENT,35,518,ABRI PROVISOIRE
DIOURBEL,MBACKE,TOUBA MOSQUEE,DAROU MARNANE ARRONDISSEMENT,36,520,ABRI PROVISOIRE
DIOURBEL,MBACKE,TOUBA MOSQUEE,DAROU MARNANE ARRONDISSEMENT,37,519,ABRI PROVISOIRE
DIOURBEL,MBACKE,TOUBA MOSQUEE,DAROU MARNANE ARRONDISSEMENT,38,520,ABRI PROVISOIRE
DIOURBEL,MBACKE,TOUBA MOSQUEE,DAROU MARNANE ARRONDISSEMENT,39,518,ABRI PROVISOIRE
DIOURBEL,MBACKE,TOUBA MOSQUEE,DAROU MARNANE ARRONDISSEMENT,40,520,ABRI PROVISOIRE
DIOURBEL,MBACKE,TOUBA MOSQUEE,DAROU MARNANE ARRONDISSEMENT,41,516,ABRI PROVISOIRE
DIOURBEL,MBACKE,TOUBA MOSQUEE,DAROU MARNANE ARRONDISSEMENT,42,518,ABRI PROVISOIRE
DIOURBEL,MBACKE,TOUBA MOSQUEE,DAROU MARNANE ARRONDISSEMENT,43,515,ABRI PROVISOIRE
DIOURBEL,MBACKE,TOUBA MOSQUEE,DAROU MARNANE ARRONDISSEMENT,44,517,ABRI PROVISOIRE
DIOURBEL,MBACKE,TOUBA MOSQUEE,DAROU MARNANE ARRONDISSEMENT,45,519,ABRI PROVISOIRE
DIOURBEL,MBACKE,TOUBA MOSQUEE,DAROU MARNANE ARRONDISSEMENT,46,517,ABRI PROVISOIRE
DIOURBEL,MBACKE,TOUBA MOSQUEE,DAROU MARNANE ARRONDISSEMENT,47,519,ABRI PROVISOIRE
DIOURBEL,MBACKE,TOUBA MOSQUEE,DAROU MARNANE ARRONDISSEMENT,48,518,ABRI PROVISOIRE
DIOURBEL,MBACKE,TOUBA MOSQUEE,DAROU MARNANE ARRONDISSEMENT,49,518,ABRI PROVISOIRE
DIOURBEL,MBACKE,TOUBA MOSQUEE,DAROU MARNANE ARRONDISSEMENT,50,516,ABRI PROVISOIRE
DIOURBEL,MBACKE,TOUBA MOSQUEE,DAROU MARNANE ARRONDISSEMENT,51,519,ABRI PROVISOIRE
DIOURBEL,MBACKE,TOUBA MOSQUEE,DAROU MARNANE ARRONDISSEMENT,52,517,ABRI PROVISOIRE
DIOURBEL,MBACKE,TOUBA MOSQUEE,DAROU MARNANE ARRONDISSEMENT,53,518,ABRI PROVISOIRE
DIOURBEL,MBACKE,TOUBA MOSQUEE,DAROU MARNANE ARRONDISSEMENT,54,516,ABRI PROVISOIRE
DIOURBEL,MBACKE,TOUBA MOSQUEE,DAROU MARNANE ARRONDISSEMENT,55,516,ABRI PROVISOIRE
DIOURBEL,MBACKE,TOUBA MOSQUEE,DAROU MARNANE ARRONDISSEMENT,56,517,ABRI PROVISOIRE
DIOURBEL,MBACKE,TOUBA MOSQUEE,DAROU MARNANE ARRONDISSEMENT,57,518,ABRI PROVISOIRE
DIOURBEL,MBACKE,TOUBA MOSQUEE,DAROU MARNANE ARRONDISSEMENT,58,516,ABRI PROVISOIRE
DIOURBEL,MBACKE,TOUBA MOSQUEE,DAROU MARNANE ARRONDISSEMENT,59,514,ABRI PROVISOIRE
DIOURBEL,MBACKE,TOUBA MOSQUEE,DAROU MARNANE ARRONDISSEMENT,60,517,ABRI PROVISOIRE
DIOURBEL,MBACKE,TOUBA MOSQUEE,DAROU MARNANE ARRONDISSEMENT,61,518,ABRI PROVISOIRE
DIOURBEL,MBACKE,TOUBA MOSQUEE,DAROU MARNANE ARRONDISSEMENT,62,519,ABRI PROVISOIRE
DIOURBEL,MBACKE,TOUBA MOSQUEE,DAROU MARNANE ARRONDISSEMENT,63,517,ABRI PROVISOIRE
DIOURBEL,MBACKE,TOUBA MOSQUEE,DAROU MARNANE ARRONDISSEMENT,64,518,ABRI PROVISOIRE
DIOURBEL,MBACKE,TOUBA MOSQUEE,DAROU MARNANE ARRONDISSEMENT,65,512,ABRI PROVISOIRE
DIOURBEL,MBACKE,TOUBA MOSQUEE,DAROU MARNANE ARRONDISSEMENT,66,515,ABRI PROVISOIRE
DIOURBEL,MBACKE,TOUBA MOSQUEE,DAROU MARNANE ARRONDISSEMENT,67,517,ABRI PROVISOIRE
DIOURBEL,MBACKE,TOUBA MOSQUEE,DAROU MARNANE ARRONDISSEMENT,68,518,ABRI PROVISOIRE
DIOURBEL,MBACKE,TOUBA MOSQUEE,DAROU MARNANE ARRONDISSEMENT,69,519,ABRI PROVISOIRE
DIOURBEL,MBACKE,TOUBA MOSQUEE,DAROU MARNANE ARRONDISSEMENT,70,516,ABRI PROVISOIRE
DIOURBEL,MBACKE,TOUBA MOSQUEE,DAROU MARNANE ARRONDISSEMENT,71,517,ABRI PROVISOIRE
DIOURBEL,MBACKE,TOUBA MOSQUEE,DAROU MARNANE ARRONDISSEMENT,72,517,ABRI PROVISOIRE
DIOURBEL,MBACKE,TOUBA MOSQUEE,DAROU MARNANE ARRONDISSEMENT,73,519,ABRI PROVISOIRE
DIOURBEL,MBACKE,TOUBA MOSQUEE,DAROU MARNANE ARRONDISSEMENT,74,518,ABRI PROVISOIRE
DIOURBEL,MBACKE,TOUBA MOSQUEE,DAROU MARNANE ARRONDISSEMENT,75,515,ABRI PROVISOIRE
DIOURBEL,MBACKE,TOUBA MOSQUEE,DAROU MARNANE ARRONDISSEMENT,76,516,ABRI PROVISOIRE
DIOURBEL,MBACKE,TOUBA MOSQUEE,DAROU MARNANE ARRONDISSEMENT,77,518,ABRI PROVISOIRE
DIOURBEL,MBACKE,TOUBA MOSQUEE,DAROU MARNANE ARRONDISSEMENT,78,517,ABRI PROVISOIRE
DIOURBEL,MBACKE,TOUBA MOSQUEE,DAROU MARNANE ARRONDISSEMENT,79,513,ABRI PROVISOIRE
DIOURBEL,MBACKE,TOUBA MOSQUEE,DAROU MARNANE ARRONDISSEMENT,80,517,ABRI PROVISOIRE
DIOURBEL,MBACKE,TOUBA MOSQUEE,DAROU MARNANE ARRONDISSEMENT,81,519,ECOLE AL AZHAR ABRI PROVISOIRE
DIOURBEL,MBACKE,TOUBA MOSQUEE,DAROU MARNANE ARRONDISSEMENT,82,518,ECOLE AL AZHAR ABRI PROVISOIRE
DIOURBEL,MBACKE,TOUBA MOSQUEE,DAROU MARNANE ARRONDISSEMENT,83,515,ECOLE AL AZHAR ABRI PROVISOIRE
DIOURBEL,MBACKE,TOUBA MOSQUEE,DAROU MARNANE ARRONDISSEMENT,84,519,ECOLE AL AZHAR ABRI PROVISOIRE
DIOURBEL,MBACKE,TOUBA MOSQUEE,DAROU MARNANE ARRONDISSEMENT,85,519,ECOLE AL AZHAR ABRI PROVISOIRE
DIOURBEL,MBACKE,TOUBA MOSQUEE,DAROU MARNANE ARRONDISSEMENT,86,517,ECOLE AL AZHAR ABRI PROVISOIRE
DIOURBEL,MBACKE,TOUBA MOSQUEE,DAROU MARNANE ARRONDISSEMENT,87,517,ECOLE AL AZHAR ABRI PROVISOIRE
DIOURBEL,MBACKE,TOUBA MOSQUEE,DAROU MINAME,1,428,ABRI PROVISOIRE
DIOURBEL,MBACKE,TOUBA MOSQUEE,DAROU MINAME,2,429,ABRI PROVISOIRE
DIOURBEL,MBACKE,TOUBA MOSQUEE,DAROU MINAME,3,432,ABRI PROVISOIRE
DIOURBEL,MBACKE,TOUBA MOSQUEE,DAROU MINAME,4,427,ABRI PROVISOIRE
DIOURBEL,MBACKE,TOUBA MOSQUEE,DAROU MINAME,5,429,ABRI PROVISOIRE
DIOURBEL,MBACKE,TOUBA MOSQUEE,DAROU MINAME,6,431,ABRI PROVISOIRE
DIOURBEL,MBACKE,TOUBA MOSQUEE,DAROU MINAME,7,430,ABRI PROVISOIRE
DIOURBEL,MBACKE,TOUBA MOSQUEE,DAROU MINAME,8,431,ABRI PROVISOIRE
DIOURBEL,MBACKE,TOUBA MOSQUEE,DAROU MINAME,9,428,ABRI PROVISOIRE
DIOURBEL,MBACKE,TOUBA MOSQUEE,DAROU MINAME,10,431,ABRI PROVISOIRE
DIOURBEL,MBACKE,TOUBA MOSQUEE,DAROU MINAME,11,431,ABRI PROVISOIRE
DIOURBEL,MBACKE,TOUBA MOSQUEE,DAROU MINAME,12,430,ABRI PROVISOIRE
DIOURBEL,MBACKE,TOUBA MOSQUEE,DAROU MINAME,13,429,ABRI PROVISOIRE
DIOURBEL,MBACKE,TOUBA MOSQUEE,DAROU MINAME,14,430,ABRI PROVISOIRE
DIOURBEL,MBACKE,TOUBA MOSQUEE,DAROU MINAME,15,431,ABRI PROVISOIRE
DIOURBEL,MBACKE,TOUBA MOSQUEE,DAROU MINAME,16,431,ABRI PROVISOIRE
DIOURBEL,MBACKE,TOUBA MOSQUEE,DAROU MINAME,17,431,ABRI PROVISOIRE
DIOURBEL,MBACKE,TOUBA MOSQUEE,DAROU MINAME,18,428,ABRI PROVISOIRE
DIOURBEL,MBACKE,TOUBA MOSQUEE,DAROU MINAME,19,429,ABRI PROVISOIRE
DIOURBEL,MBACKE,TOUBA MOSQUEE,DAROU MINAME,20,431,ABRI PROVISOIRE
DIOURBEL,MBACKE,TOUBA MOSQUEE,DAROU MINAME,21,428,ECOLE ELEMENTAIRE ABRI PROV.
DIOURBEL,MBACKE,TOUBA MOSQUEE,DAROU MINAME,22,430,ECOLE ELEMENTAIRE ABRI PROV.
DIOURBEL,MBACKE,TOUBA MOSQUEE,DAROU MINAME 2,1,489,ABRI PROVISOIRE
DIOURBEL,MBACKE,TOUBA MOSQUEE,DAROU MINAME 2,2,489,ABRI PROVISOIRE
DIOURBEL,MBACKE,TOUBA MOSQUEE,DAROU MINAME 2,3,489,ABRI PROVISOIRE
DIOURBEL,MBACKE,TOUBA MOSQUEE,DAROU MINAME 2,4,489,ABRI PROVISOIRE
DIOURBEL,MBACKE,TOUBA MOSQUEE,DAROU MINAME 2,5,490,ABRI PROVISOIRE
DIOURBEL,MBACKE,TOUBA MOSQUEE,DAROU MINAME 2,6,491,ABRI PROVISOIRE
DIOURBEL,MBACKE,TOUBA MOSQUEE,DAROU MINAME 2,7,491,ABRI PROVISOIRE
DIOURBEL,MBACKE,TOUBA MOSQUEE,DAROU MINAME 2,8,488,ABRI PROVISOIRE
DIOURBEL,MBACKE,TOUBA MOSQUEE,DAROU MINAME 2,9,490,ABRI PROVISOIRE
DIOURBEL,MBACKE,TOUBA MOSQUEE,DAROU RAHMANE 1,1,552,CLASSE CP
DIOURBEL,MBACKE,TOUBA MOSQUEE,DAROU RAHMANE 1,2,544,CLASSE CE 1
DIOURBEL,MBACKE,TOUBA MOSQUEE,DAROU RAHMANE 1,3,557,SALLE DE CLASSE
DIOURBEL,MBACKE,TOUBA MOSQUEE,DAROU RAHMANE 1,4,548,SALLE DE CLASSE
DIOURBEL,MBACKE,TOUBA MOSQUEE,DAROU RAHMANE 1,5,315,ABRI PROVISOIRE
DIOURBEL,MBACKE,TOUBA MOSQUEE,DAROU TANZIL,1,562,CASE FOYER
DIOURBEL,MBACKE,TOUBA MOSQUEE,DAROU TANZIL,2,558,CASE FOYER
DIOURBEL,MBACKE,TOUBA MOSQUEE,DAROU TANZIL,3,570,CASE FOYER
DIOURBEL,MBACKE,TOUBA MOSQUEE,DAROU TANZIL,4,151,PENC ABRI PROVISOIRE
DIOURBEL,MBACKE,TOUBA MOSQUEE,KANKA,1,167,ABRI PROVISOIRE
DIOURBEL,MBACKE,TOUBA MOSQUEE,KELELE,1,393,CLASSE CP
DIOURBEL,MBACKE,TOUBA MOSQUEE,KERE MBAYE,1,398,CLASSE CE1
DIOURBEL,MBACKE,TOUBA MOSQUEE,KERE MBAYE,2,398,CLASSECE 2
DIOURBEL,MBACKE,TOUBA MOSQUEE,KERE NDAO,1,278,CLASSE CP
DIOURBEL,MBACKE,TOUBA MOSQUEE,KEUR MACOUMBA KEBE,1,580,ABRI PROVISOIRE
DIOURBEL,MBACKE,TOUBA MOSQUEE,KEUR MEDOUNE,1,341,ABRI PROVISOIRE
DIOURBEL,MBACKE,TOUBA MOSQUEE,KHAIRA USINE KHOROM,1,505,ABRI PROVISOIRE
DIOURBEL,MBACKE,TOUBA MOSQUEE,KHAIRA USINE KHOROM,2,504,ABRI PROVISOIRE
DIOURBEL,MBACKE,TOUBA MOSQUEE,KHAIRA USINE KHOROM,3,503,ABRI PROVISOIRE
DIOURBEL,MBACKE,TOUBA MOSQUEE,KHAIRA USINE KHOROM,4,503,ABRI PROVISOIRE
DIOURBEL,MBACKE,TOUBA MOSQUEE,KHAIRA USINE KHOROM,5,505,ABRI PROVISOIRE
DIOURBEL,MBACKE,TOUBA MOSQUEE,KHAIRA USINE KHOROM,6,505,ABRI PROVISOIRE
DIOURBEL,MBACKE,TOUBA MOSQUEE,KHAIRA USINE KHOROM,7,505,ABRI PROVISOIRE
DIOURBEL,MBACKE,TOUBA MOSQUEE,KHAIRA USINE KHOROM,8,505,ABRI PROVISOIRE
DIOURBEL,MBACKE,TOUBA MOSQUEE,KHAIRA USINE KHOROM,9,503,ABRI PROVISOIRE
DIOURBEL,MBACKE,TOUBA MOSQUEE,KHAIRA USINE KHOROM,10,503,ABRI PROVISOIRE
DIOURBEL,MBACKE,TOUBA MOSQUEE,KHAIRA USINE KHOROM,11,503,ABRI PROVISOIRE
DIOURBEL,MBACKE,TOUBA MOSQUEE,KHAIRA USINE KHOROM,12,503,ABRI PROVISOIRE
DIOURBEL,MBACKE,TOUBA MOSQUEE,KHAIRA USINE KHOROM,13,503,ABRI PROVISOIRE
DIOURBEL,MBACKE,TOUBA MOSQUEE,KHAIRA USINE KHOROM,14,505,ABIR PROVISOIRE
DIOURBEL,MBACKE,TOUBA MOSQUEE,KHAIRA USINE KHOROM,15,505,ABRI PROVISOIRE
DIOURBEL,MBACKE,TOUBA MOSQUEE,KHAIRA USINE KHOROM,16,506,ABRI PROVISOIRE
DIOURBEL,MBACKE,TOUBA MOSQUEE,KHAIRA USINE KHOROM,17,505,ABRI PROVISOIRE
DIOURBEL,MBACKE,TOUBA MOSQUEE,KHAIRA USINE KHOROM,18,504,ABRI PROVISOIRE
DIOURBEL,MBACKE,TOUBA MOSQUEE,KHAIRA USINE KHOROM,19,505,ABRI PROVISOIRE
DIOURBEL,MBACKE,TOUBA MOSQUEE,KHAIRA USINE KHOROM,20,505,ABRI PROVISOIRE
DIOURBEL,MBACKE,TOUBA MOSQUEE,KHAIRA USINE KHOROM,21,504,ECOLE AL AZHAR ABRI PROVISOIRE
DIOURBEL,MBACKE,TOUBA MOSQUEE,KHAIRA USINE KHOROM,22,505,ECOLE AL AZHAR ABRI PROVISOIRE
DIOURBEL,MBACKE,TOUBA MOSQUEE,MARCHE DIANATOUL MAWA,1,377,ABRI PROVISOIRE
DIOURBEL,MBACKE,TOUBA MOSQUEE,MARCHE DIANATOUL MAWA,2,376,ABRI PROVISOIRE
DIOURBEL,MBACKE,TOUBA MOSQUEE,MARCHE DIANATOUL MAWA,3,375,ABRI PROVISOIRE
DIOURBEL,MBACKE,TOUBA MOSQUEE,MARCHE DIANATOUL MAWA,4,376,ABRI PROVISOIRE
DIOURBEL,MBACKE,TOUBA MOSQUEE,MARCHE DIANATOUL MAWA,5,375,ABRI PROVISOIRE
DIOURBEL,MBACKE,TOUBA MOSQUEE,MARCHE DIANATOUL MAWA,6,375,ABRI PROVISOIRE
DIOURBEL,MBACKE,TOUBA MOSQUEE,MARCHE DIANATOUL MAWA,7,376,ABRI PROVISOIRE
DIOURBEL,MBACKE,TOUBA MOSQUEE,MARCHE DIANATOUL MAWA,8,377,ABRI PROVISOIRE
DIOURBEL,MBACKE,TOUBA MOSQUEE,MARCHE DIANATOUL MAWA,9,376,ABRI PROVISOIRE
DIOURBEL,MBACKE,TOUBA MOSQUEE,MARCHE DIANATOUL MAWA,10,373,ABRI PROVISOIRE
DIOURBEL,MBACKE,TOUBA MOSQUEE,MARCHE DIANATOUL MAWA,11,378,ABRI PROVISOIRE
DIOURBEL,MBACKE,TOUBA MOSQUEE,MARCHE DIANATOUL MAWA,12,376,ABRI PROVISOIRE
DIOURBEL,MBACKE,TOUBA MOSQUEE,MARCHE DIANATOUL MAWA,13,379,ABRI PROVISOIRE
DIOURBEL,MBACKE,TOUBA MOSQUEE,MARCHE DIANATOUL MAWA,14,375,ABRI PROVISOIRE
DIOURBEL,MBACKE,TOUBA MOSQUEE,MARCHE DIANATOUL MAWA,15,376,ABRI PROVISOIRE
DIOURBEL,MBACKE,TOUBA MOSQUEE,MARCHE DIANATOUL MAWA,16,378,ABRI PROVISOIRE
DIOURBEL,MBACKE,TOUBA MOSQUEE,MARCHE DIANATOUL MAWA,17,376,ABRI PROVISOIRE
DIOURBEL,MBACKE,TOUBA MOSQUEE,MARCHE DIANATOUL MAWA,18,377,ABRI PROVISOIRE
DIOURBEL,MBACKE,TOUBA MOSQUEE,MARCHE DIANATOUL MAWA,19,375,ABRI PROVISOIRE
DIOURBEL,MBACKE,TOUBA MOSQUEE,MARCHE DIANATOUL MAWA,20,377,ABRI PROVISOIRE
DIOURBEL,MBACKE,TOUBA MOSQUEE,MARCHE DIANATOUL MAWA,21,373,ABRI PROVISOIRE
DIOURBEL,MBACKE,TOUBA MOSQUEE,MARCHE DIANATOUL MAWA,22,377,ABRI PROVISOIRE
DIOURBEL,MBACKE,TOUBA MOSQUEE,MARCHE DIANATOUL MAWA,23,377,ABRI PROVISOIRE
DIOURBEL,MBACKE,TOUBA MOSQUEE,MARCHE DIANATOUL MAWA,24,378,ABRI PROVISOIRE
DIOURBEL,MBACKE,TOUBA MOSQUEE,MARCHE DIANATOUL MAWA,25,376,ABRI PROVISOIRE
DIOURBEL,MBACKE,TOUBA MOSQUEE,MAYE LANDANG,1,134,ABRI PROVISOIRE
DIOURBEL,MBACKE,TOUBA MOSQUEE,MBACKE BAARY,1,451,ABRI PROVISOIRE
DIOURBEL,MBACKE,TOUBA MOSQUEE,MBOUSSOBE,1,578,ABRI PROVISOIRE
DIOURBEL,MBACKE,TOUBA MOSQUEE,MBOUSSOBE,2,578,ABRI PROVISOIRE
DIOURBEL,MBACKE,TOUBA MOSQUEE,MBOUSSOBE,3,574,ABRI PROVISOIRE
DIOURBEL,MBACKE,TOUBA MOSQUEE,MBOUSSOBE,4,575,ABRI PROVISOIRE
DIOURBEL,MBACKE,TOUBA MOSQUEE,MBOUSSOBE,5,576,ABRI PROVISOIRE
DIOURBEL,MBACKE,TOUBA MOSQUEE,MBOUSSOBE,6,578,ABRI PROVISOIRE
DIOURBEL,MBACKE,TOUBA MOSQUEE,NDILIKI,1,505,ABRI PROVISOIRE
DIOURBEL,MBACKE,TOUBA MOSQUEE,NDILIKI,2,150,ABRI PROVISOIRE
DIOURBEL,MBACKE,TOUBA MOSQUEE,NDINDY ABDOU,1,569,ABRI PROVISOIRE
DIOURBEL,MBACKE,TOUBA MOSQUEE,NDINDY ABDOU,2,571,ABRI PROVISOIRE
DIOURBEL,MBACKE,TOUBA MOSQUEE,NDINDY ABDOU,3,571,ABRI PROVISOIRE
DIOURBEL,MBACKE,TOUBA MOSQUEE,NDINDY ABDOU,4,571,ABRI PROVISOIRE
DIOURBEL,MBACKE,TOUBA MOSQUEE,NDINDY ABDOU,5,572,ABRI PROVISOIRE
DIOURBEL,MBACKE,TOUBA MOSQUEE,NDINDY ABDOU,6,572,ABRI PROVISOIRE
DIOURBEL,MBACKE,TOUBA MOSQUEE,NDINDY ABDOU,7,571,ABRI PROVISOIRE
DIOURBEL,MBACKE,TOUBA MOSQUEE,NDINDY ABDOU,8,571,ABRI PROVISOIRE
DIOURBEL,MBACKE,TOUBA MOSQUEE,NDINDY ABDOU,9,571,ABRI PROVISOIRE
DIOURBEL,MBACKE,TOUBA MOSQUEE,NDINDY ABDOU,10,569,ABRI PROVISOIRE
DIOURBEL,MBACKE,TOUBA MOSQUEE,NDINDY ABDOU,11,570,ABRI PROVISOIRE
DIOURBEL,MBACKE,TOUBA MOSQUEE,NDINDY ABDOU,12,571,ABRI PROVISOIRE
DIOURBEL,MBACKE,TOUBA MOSQUEE,NDINDY ABDOU,13,570,ABRI PROVISOIRE
DIOURBEL,MBACKE,TOUBA MOSQUEE,NDINDY ABDOU,14,569,ABRI PROVISOIRE
DIOURBEL,MBACKE,TOUBA MOSQUEE,NDINDY ABDOU,15,570,ABRI PROVISOIRE
DIOURBEL,MBACKE,TOUBA MOSQUEE,NDINDY ABDOU,16,571,ABRI PROVISOIRE
DIOURBEL,MBACKE,TOUBA MOSQUEE,POFDY,1,97,ABRI PROVISOIRE
DIOURBEL,MBACKE,TOUBA MOSQUEE,SAME LAH RESIDENTS,1,444,ABRI PROVISOIRE
DIOURBEL,MBACKE,TOUBA MOSQUEE,SAME LAH RESIDENTS,2,443,ABRI PROVISOIRE
DIOURBEL,MBACKE,TOUBA MOSQUEE,SAME LAH RESIDENTS,3,444,ABRI PROVISOIRE
DIOURBEL,MBACKE,TOUBA MOSQUEE,SAME LAH RESIDENTS,4,441,ABRI PROVISOIRE
DIOURBEL,MBACKE,TOUBA MOSQUEE,SAME LAH RESIDENTS,5,444,ABRI PROVISOIRE
DIOURBEL,MBACKE,TOUBA MOSQUEE,SAME LAH RESIDENTS,6,443,ABRI PROVISOIRE
DIOURBEL,MBACKE,TOUBA MOSQUEE,SAME LAH RESIDENTS,7,444,ABRI PROVISOIRE
DIOURBEL,MBACKE,TOUBA MOSQUEE,SAME LAH RESIDENTS,8,444,ABRI PROVISOIRE
DIOURBEL,MBACKE,TOUBA MOSQUEE,SAME LAH RESIDENTS,9,444,ABRI PROVISOIRE
DIOURBEL,MBACKE,TOUBA MOSQUEE,SAME LAH RESIDENTS,10,442,ABRI PROVISOIRE
DIOURBEL,MBACKE,TOUBA MOSQUEE,SAME LAH RESIDENTS,11,443,ABRI PROVISOIRE
DIOURBEL,MBACKE,TOUBA MOSQUEE,SAME LAH RESIDENTS,12,443,ABRI PROVISOIRE
DIOURBEL,MBACKE,TOUBA MOSQUEE,SAME LAH RESIDENTS,13,443,ABRI PROVISOIRE
DIOURBEL,MBACKE,TOUBA MOSQUEE,SAME LAH RESIDENTS,14,444,ABRI PROVISOIRE
DIOURBEL,MBACKE,TOUBA MOSQUEE,SAME LAH RESIDENTS,15,441,ABRI PROVISOIRE
DIOURBEL,MBACKE,TOUBA MOSQUEE,SAME LAH RESIDENTS,16,442,ABRI PROVISOIRE
DIOURBEL,MBACKE,TOUBA MOSQUEE,SAME LAH RESIDENTS,17,443,ABRI PROVISOIRE
DIOURBEL,MBACKE,TOUBA MOSQUEE,SAME LAH RESIDENTS,18,444,ABRI PROVISOIRE
DIOURBEL,MBACKE,TOUBA MOSQUEE,SAME LAH RESIDENTS,19,444,ABRI PROVISOIRE
DIOURBEL,MBACKE,TOUBA MOSQUEE,SAME LAH RESIDENTS,20,444,ABRI PROVISOIRE
DIOURBEL,MBACKE,TOUBA MOSQUEE,SAME LAH RESIDENTS,21,442,ABRI PROVISOIRE
DIOURBEL,MBACKE,TOUBA MOSQUEE,SAME LAH RESIDENTS,22,444,ABRI PROVISOIRE
DIOURBEL,MBACKE,TOUBA MOSQUEE,SICAP / TOUBA,1,488,ABRI PROVISOIRE
DIOURBEL,MBACKE,TOUBA MOSQUEE,SICAP / TOUBA,2,491,ABRI PROVISOIRE
DIOURBEL,MBACKE,TOUBA MOSQUEE,SICAP / TOUBA,3,490,ABRI PROVISOIRE
DIOURBEL,MBACKE,TOUBA MOSQUEE,SICAP / TOUBA,4,490,ABRI PROVISOIRE
DIOURBEL,MBACKE,TOUBA MOSQUEE,SICAP / TOUBA,5,490,ABRI PROVISOIRE
DIOURBEL,MBACKE,TOUBA MOSQUEE,SICAP / TOUBA,6,487,ABRI PROVISOIRE
DIOURBEL,MBACKE,TOUBA MOSQUEE,SOLBOCK,1,550,ABRI PROVISOIRE
DIOURBEL,MBACKE,TOUBA MOSQUEE,SOURANG,1,329,ECOLE
DIOURBEL,MBACKE,TOUBA MOSQUEE,SOURANG,2,329,ECOLE
DIOURBEL,MBACKE,TOUBA MOSQUEE,TAOFEKH,1,233,ABRI PROVISOIRE
DIOURBEL,MBACKE,TOUBA MOSQUEE,THIAWENE,1,431,ABRI PROVISOIRE
DIOURBEL,MBACKE,TOUBA MOSQUEE,THIAWENE,2,437,ABRI PROVISOIRE
DIOURBEL,MBACKE,TOUBA MOSQUEE,THIAWENE,3,406,ABRI PROVISOIRE
DIOURBEL,MBACKE,TOUBA MOSQUEE,THIAWENE,4,437,CASE DE SANTE ABRI PROVISOIRE
DIOURBEL,MBACKE,TOUBA MOSQUEE,THIAWENE,5,448,CASE DE SANTE ABRI PROVISOIRE
DIOURBEL,MBACKE,TOUBA MOSQUEE,THIAWENE,6,440,CASE DE SANTE ABRI PROVISOIRE
DIOURBEL,MBACKE,TOUBA MOSQUEE,THIAWENE,7,436,CASE DE SANTE ABRI PROVISOIRE
DIOURBEL,MBACKE,TOUBA MOSQUEE,THIAWENE,8,434,CASE DE SANTE ABRI PROVISOIRE
DIOURBEL,MBACKE,TOUBA MOSQUEE,THIAWENE,9,393,ABRI PROVISOIRE
DIOURBEL,MBACKE,TOUBA MOSQUEE,THIAWENE,10,393,ABRI PROVISOIRE
DIOURBEL,MBACKE,TOUBA MOSQUEE,THIAWENE,11,390,ABRI PROVISOIRE
DIOURBEL,MBACKE,TOUBA MOSQUEE,THIAWENE,12,392,ABRI PROVISOIRE
DIOURBEL,MBACKE,TOUBA MOSQUEE,THIAWENE,13,393,ABRI PROVISOIRE
DIOURBEL,MBACKE,TOUBA MOSQUEE,THIAWENE,14,393,ABRI PROVISOIRE
DIOURBEL,MBACKE,TOUBA MOSQUEE,THIAWENE,15,390,ABRI PROVISOIRE
DIOURBEL,MBACKE,TOUBA MOSQUEE,TINDODY,1,572,ABRI PROVISOIRE
DIOURBEL,MBACKE,TOUBA MOSQUEE,TINDODY,2,571,ABRI PROVISOIRE
DIOURBEL,MBACKE,TOUBA MOSQUEE,TINDODY,3,572,ABRI PROVISOIRE
DIOURBEL,MBACKE,TOUBA MOSQUEE,TINDODY,4,570,ABRI PROVISOIRE
DIOURBEL,MBACKE,TOUBA MOSQUEE,TINDODY,5,571,ABRI PROVISOIRE
DIOURBEL,MBACKE,TOUBA MOSQUEE,TINDODY,6,571,ABRI PROVISOIRE
DIOURBEL,MBACKE,TOUBA MOSQUEE,TINDODY,7,571,ABRI PROVISOIRE
DIOURBEL,MBACKE,TOUBA MOSQUEE,TOUBA BELEL,1,348,CLASSE CE2
DIOURBEL,MBACKE,TOUBA MOSQUEE,TOUBA BELEL,2,347,CLASSE CM2
DIOURBEL,MBACKE,TOUBA MOSQUEE,TOUBA BOGO,1,421,CLASSE CP
DIOURBEL,MBACKE,TOUBA MOSQUEE,TOUBA MOSQUEE KEUR BAYE LAHAD NDAMATOU,1,474,ABRI PROVISOIRE
DIOURBEL,MBACKE,TOUBA MOSQUEE,TOUBA MOSQUEE KEUR BAYE LAHAD NDAMATOU,2,476,ABRI PROVISOIRE
DIOURBEL,MBACKE,TOUBA MOSQUEE,TOUBA MOSQUEE KEUR BAYE LAHAD NDAMATOU,3,474,ABRI PROVISOIRE
DIOURBEL,MBACKE,TOUBA MOSQUEE,TOUBA MOSQUEE KEUR BAYE LAHAD NDAMATOU,4,473,ABRI PROVISOIRE
DIOURBEL,MBACKE,TOUBA MOSQUEE,TOUBA MOSQUEE KEUR BAYE LAHAD NDAMATOU,5,474,ABRI PROVISOIRE
DIOURBEL,MBACKE,TOUBA MOSQUEE,TOUBA MOSQUEE KEUR BAYE LAHAD NDAMATOU,6,476,ABRI PROVISOIRE
DIOURBEL,MBACKE,TOUBA MOSQUEE,TOUBA MOSQUEE KEUR BAYE LAHAD NDAMATOU,7,475,ABRI PROVISOIRE
DIOURBEL,MBACKE,TOUBA MOSQUEE,TOUBA MOSQUEE KEUR BAYE LAHAD NDAMATOU,8,474,ABRI PROVISOIRE
DIOURBEL,MBACKE,TOUBA MOSQUEE,TOUBA MOSQUEE KEUR BAYE LAHAD NDAMATOU,9,473,ABRI PROVISOIRE
DIOURBEL,MBACKE,TOUBA MOSQUEE,TOUBA MOSQUEE KEUR BAYE LAHAD NDAMATOU,10,475,ABRI PROVISOIRE
DIOURBEL,MBACKE,TOUBA MOSQUEE,TOUBA MOSQUEE KEUR BAYE LAHAD NDAMATOU,11,472,ABRI PROVISOIRE
DIOURBEL,MBACKE,TOUBA MOSQUEE,TOUBA MOSQUEE KEUR BAYE LAHAD NDAMATOU,12,472,ABRI PROVISOIRE
DIOURBEL,MBACKE,TOUBA MOSQUEE,TOUBA MOSQUEE KEUR BAYE LAHAD NDAMATOU,13,475,ABRI PROVISOIRE
DIOURBEL,MBACKE,TOUBA MOSQUEE,TOUBA MOSQUEE KEUR BAYE LAHAD NDAMATOU,14,474,ABRI PROVISOIRE
DIOURBEL,MBACKE,TOUBA MOSQUEE,TOUBA MOSQUEE KEUR BAYE LAHAD NDAMATOU,15,472,ABRI PROVISOIRE
DIOURBEL,MBACKE,TOUBA MOSQUEE,TOUBA MOSQUEE KEUR BAYE LAHAD NDAMATOU,16,475,ABRI PROVISOIRE
DIOURBEL,MBACKE,TOUBA MOSQUEE,TOUBA MOSQUEE KEUR BAYE LAHAD NDAMATOU,17,474,ABRI PROVISOIRE
DIOURBEL,MBACKE,TOUBA MOSQUEE,TOUBA MOSQUEE KEUR BAYE LAHAD NDAMATOU,18,473,ABRI PROVISOIRE
DIOURBEL,MBACKE,TOUBA MOSQUEE,TOUBA MOSQUEE KEUR BAYE LAHAD NDAMATOU,19,472,ABRI PROVISOIRE
DIOURBEL,MBACKE,TOUBA MOSQUEE,TOUBA MOSQUEE KEUR BAYE LAHAD NDAMATOU,20,472,ABRI PROVISOIRE
DIOURBEL,MBACKE,TOUBA MOSQUEE,TOUBA MOSQUEE KEUR BAYE LAHAD NDAMATOU,21,476,ABRI PROVISOIRE
DIOURBEL,MBACKE,TOUBA MOSQUEE,TOUBA MOSQUEE KEUR BAYE LAHAD NDAMATOU,22,474,ABRI PROVISOIRE
DIOURBEL,MBACKE,TOUBA MOSQUEE,TOUBA MOSQUEE KEUR BAYE LAHAD NDAMATOU,23,472,ABRI PROVISOIRE
DIOURBEL,MBACKE,TOUBA MOSQUEE,TOUBA MOSQUEE KEUR BAYE LAHAD NDAMATOU,24,472,ABRI PROVISOIRE
DIOURBEL,MBACKE,TOUBA MOSQUEE,TOUBA MOSQUEE KEUR BAYE LAHAD NDAMATOU,25,471,ABRI PROVISOIRE
DIOURBEL,MBACKE,TOUBA MOSQUEE,TOUBA MOSQUEE KEUR BAYE LAHAD NDAMATOU,26,474,ABRI PROVISOIRE
DIOURBEL,MBACKE,TOUBA MOSQUEE,TOUBA MOSQUEE KEUR BAYE LAHAD NDAMATOU,27,474,ABRI PROVISOIRE
DIOURBEL,MBACKE,TOUBA MOSQUEE,TOUBA MOSQUEE KEUR BAYE LAHAD NDAMATOU,28,474,ABRI PROVISOIRE
DIOURBEL,MBACKE,TOUBA MOSQUEE,TOUBA MOSQUEE KEUR BAYE LAHAD NDAMATOU,29,473,ABRI PROVISOIRE
DIOURBEL,MBACKE,TOUBA MOSQUEE,TOUBA MOSQUEE KEUR BAYE LAHAD NDAMATOU,30,475,ABRI PROVISOIRE
DIOURBEL,MBACKE,TOUBA MOSQUEE,TOUBA MOSQUEE KEUR BAYE LAHAD NDAMATOU,31,474,ABRI PROVISOIRE
DIOURBEL,MBACKE,TOUBA MOSQUEE,TOUBA MOSQUEE KEUR BAYE LAHAD NDAMATOU,32,473,ECOLE AL AZHAR ABRI PROVISOIRE
DIOURBEL,MBACKE,TOUBA MOSQUEE,TOUBA MOSQUEE KEUR BAYE LAHAD NDAMATOU,33,475,ECOLE AL AZHAR ABRI PROVISOIRE
DIOURBEL,MBACKE,TOUBA MOSQUEE,TOUBA MOSQUEE KEUR BAYE LAHAD NDAMATOU,34,472,ECOLE AL AZHAR ABRI PROVISOIRE
DIOURBEL,MBACKE,TOUBA MOSQUEE,TOUBA MOSQUEE KEUR BAYE LAHAD NDAMATOU,35,475,ABRI PROVISOIRE
DIOURBEL,MBACKE,TOUBA MOSQUEE,TOUBA NDIAREME,1,530,PENC ABRI PROVISOIRE
DIOURBEL,MBACKE,TOUBA MOSQUEE,TOUBA NDIAREME,2,529,PENC ABRI PROVISOIRE
DIOURBEL,MBACKE,TOUBA MOSQUEE,UNIVERSITE TOUBA DAROU KHOUDOSS,1,254,ABRI PROVISOIRE
DIOURBEL,MBACKE,TOUBA MOSQUEE,UNIVERSITE TOUBA DAROU KHOUDOSS,2,252,ABRI PROVISOIRE
DIOURBEL,MBACKE,TOUBA MOSQUEE,UNIVERSITE TOUBA DAROU KHOUDOSS,3,254,ABRI PROVISOIRE
DIOURBEL,MBACKE,TOUBA MOSQUEE,UNIVERSITE TOUBA DAROU KHOUDOSS,4,251,ABRI PROVISOIRE
DIOURBEL,MBACKE,TOUBA MOSQUEE,UNIVERSITE TOUBA DAROU KHOUDOSS,5,254,ABRI PROVISOIRE
DIOURBEL,MBACKE,TOUBA MOSQUEE,UNIVERSITE TOUBA DAROU KHOUDOSS,6,253,ABRI PROVISOIRE
DIOURBEL,MBACKE,TOUBA MOSQUEE,UNIVERSITE TOUBA DAROU KHOUDOSS,7,254,ABRI PROVISOIRE
DIOURBEL,MBACKE,TOUBA MOSQUEE,UNIVERSITE TOUBA DAROU KHOUDOSS,8,252,ABRI PROVISOIRE
DIOURBEL,MBACKE,TOUBA MOSQUEE,UNIVERSITE TOUBA DAROU KHOUDOSS,9,254,ABRI PROVISOIRE
DIOURBEL,MBACKE,TOUBA MOSQUEE,UNIVERSITE TOUBA DAROU KHOUDOSS,10,254,ABRI PROVISOIRE
DIOURBEL,MBACKE,TOUBA MOSQUEE,UNIVERSITE TOUBA DAROU KHOUDOSS,11,253,ABRI PROVISOIRE
DIOURBEL,MBACKE,TOUBA MOSQUEE,UNIVERSITE TOUBA DAROU KHOUDOSS,12,254,ABRI PROVISOIRE
DIOURBEL,MBACKE,TOUBA MOSQUEE,UNIVERSITE TOUBA DAROU KHOUDOSS,13,254,ABRI PROVISOIRE
DIOURBEL,MBACKE,TOUBA MOSQUEE,UNIVERSITE TOUBA DAROU KHOUDOSS,14,254,ABRI PROVISOIRE
DIOURBEL,MBACKE,TOUBA MOSQUEE,UNIVERSITE TOUBA DAROU KHOUDOSS,15,254,ABRI PROVISOIRE
DIOURBEL,MBACKE,TOUBA MOSQUEE,UNIVERSITE TOUBA DAROU KHOUDOSS,16,253,ABRI PROVISOIRE
DIOURBEL,MBACKE,TOUBA MOSQUEE,UNIVERSITE TOUBA DAROU KHOUDOSS,17,254,ABRI PROVISOIRE
DIOURBEL,MBACKE,TOUBA MOSQUEE,UNIVERSITE TOUBA DAROU KHOUDOSS,18,254,ABRI PROVISOIRE
DIOURBEL,MBACKE,TOUBA MOSQUEE,UNIVERSITE TOUBA DAROU KHOUDOSS,19,254,ABRI PROVISOIRE
DIOURBEL,MBACKE,TOUBA MOSQUEE,UNIVERSITE TOUBA DAROU KHOUDOSS,20,251,ABRI PROVISOIRE
DIOURBEL,MBACKE,TOUBA MOSQUEE,UNIVERSITE TOUBA DAROU KHOUDOSS,21,254,ABRI PROVISOIRE
DIOURBEL,MBACKE,TOUBA MOSQUEE,UNIVERSITE TOUBA DAROU KHOUDOSS,22,254,ABRI PROVISOIRE
DIOURBEL,MBACKE,TOUBA MOSQUEE,UNIVERSITE TOUBA DAROU KHOUDOSS,23,253,ABRI PROVISOIRE
DIOURBEL,MBACKE,TOUBA MOSQUEE,UNIVERSITE TOUBA DAROU KHOUDOSS,24,255,ABRI PROVISOIRE
DIOURBEL,MBACKE,TOUBA MOSQUEE,UNIVERSITE TOUBA DAROU KHOUDOSS,25,254,ABRI PROVISOIRE
DIOURBEL,MBACKE,TOUBA MOSQUEE,UNIVERSITE TOUBA DAROU KHOUDOSS,26,253,ABRI PROVISOIRE
DIOURBEL,MBACKE,TOUBA MOSQUEE,UNIVERSITE TOUBA DAROU KHOUDOSS,27,253,ABRI PROVISOIRE
DIOURBEL,MBACKE,TOUBA MOSQUEE,UNIVERSITE TOUBA DAROU KHOUDOSS,28,254,ABRI PROVISOIRE
DIOURBEL,MBACKE,TOUBA MOSQUEE,UNIVERSITE TOUBA DAROU KHOUDOSS,29,252,ABRI PROVISOIRE
DIOURBEL,MBACKE,TOUBA MOSQUEE,UNIVERSITE TOUBA DAROU KHOUDOSS,30,253,ABRI PROVISOIRE
DIOURBEL,MBACKE,TOUBA MOSQUEE,UNIVERSITE TOUBA DAROU KHOUDOSS,31,252,ABRI PROVISOIRE
DIOURBEL,MBACKE,TOUBA MOSQUEE,UNIVERSITE TOUBA DAROU KHOUDOSS,32,254,ABRI PROVISOIRE
DIOURBEL,MBACKE,TOUBA MOSQUEE,UNIVERSITE TOUBA DAROU KHOUDOSS,33,254,ABRI PROVISOIRE
DIOURBEL,MBACKE,TOUBA MOSQUEE,UNIVERSITE TOUBA DAROU KHOUDOSS,34,252,ABRI PROVISOIRE
DIOURBEL,MBACKE,TOUBA MOSQUEE,UNIVERSITE TOUBA DAROU KHOUDOSS,35,254,ABRI PROVISOIRE
DIOURBEL,MBACKE,TOUBA MOSQUEE,UNIVERSITE TOUBA DAROU KHOUDOSS,36,254,ABRI PROVISOIRE
DIOURBEL,MBACKE,TOUBA MOSQUEE,UNIVERSITE TOUBA DAROU KHOUDOSS,37,253,ABRI PROVISOIRE
DIOURBEL,MBACKE,TOUBA MOSQUEE,UNIVERSITE TOUBA DAROU KHOUDOSS,38,253,ABRI PROVISOIRE
DIOURBEL,MBACKE,TOUBA MOSQUEE,UNIVERSITE TOUBA DAROU KHOUDOSS,39,253,ABRI PROVISOIRE
DIOURBEL,MBACKE,TOUBA MOSQUEE,UNIVERSITE TOUBA DAROU KHOUDOSS,40,253,ABRI PROVISOIRE
DIOURBEL,MBACKE,TOUBA MOSQUEE,UNIVERSITE TOUBA DAROU KHOUDOSS,41,254,ABRI PROVISOIRE
DIOURBEL,MBACKE,TOUBA MOSQUEE,UNIVERSITE TOUBA DAROU KHOUDOSS,42,253,ABRI PROVISOIRE
DIOURBEL,MBACKE,TOUBA MOSQUEE,UNIVERSITE TOUBA DAROU KHOUDOSS,43,253,ABRI PROVISOIRE
DIOURBEL,MBACKE,TOUBA MOSQUEE,UNIVERSITE TOUBA DAROU KHOUDOSS,44,253,ABRI PROVISOIRE
DIOURBEL,MBACKE,TOUBA MOSQUEE,UNIVERSITE TOUBA DAROU KHOUDOSS,45,254,ABRI PROVISOIRE
DIOURBEL,MBACKE,TOUBA MOSQUEE,UNIVERSITE TOUBA DAROU KHOUDOSS,46,251,ABRI PROVISOIRE
DIOURBEL,MBACKE,TOUBA MOSQUEE,UNIVERSITE TOUBA DAROU KHOUDOSS,47,254,ABRI PROVISOIRE
DIOURBEL,MBACKE,TOUBA MOSQUEE,UNIVERSITE TOUBA DAROU KHOUDOSS,48,254,ABRI PROVISOIRE
DIOURBEL,MBACKE,TOUBA MOSQUEE,UNIVERSITE TOUBA DAROU KHOUDOSS,49,252,ABRI PROVISOIRE
DIOURBEL,MBACKE,TOUBA MOSQUEE,UNIVERSITE TOUBA DAROU KHOUDOSS,50,254,ABRI PROVISOIRE
DIOURBEL,MBACKE,TOUBA MOSQUEE,UNIVERSITE TOUBA DAROU KHOUDOSS,51,253,ABRI PROVISOIRE
DIOURBEL,MBACKE,TOUBA MOSQUEE,UNIVERSITE TOUBA DAROU KHOUDOSS,52,254,ABRI PROVISOIRE
DIOURBEL,MBACKE,TOUBA MOSQUEE,UNIVERSITE TOUBA DAROU KHOUDOSS,53,251,ABRI PROVISOIRE
DIOURBEL,MBACKE,TOUBA MOSQUEE,UNIVERSITE TOUBA DAROU KHOUDOSS,54,253,ABRI PROVISOIRE
DIOURBEL,MBACKE,TOUBA MOSQUEE,UNIVERSITE TOUBA DAROU KHOUDOSS,55,253,ABRI PROVISOIRE
DIOURBEL,MBACKE,TOUBA MOSQUEE,UNIVERSITE TOUBA DAROU KHOUDOSS,56,253,ABRI PROVISOIRE
DIOURBEL,MBACKE,TOUBA MOSQUEE,UNIVERSITE TOUBA DAROU KHOUDOSS,57,254,ABRI PROVISOIRE
DIOURBEL,MBACKE,TOUBA MOSQUEE,UNIVERSITE TOUBA DAROU KHOUDOSS,58,254,ABRI PROVISOIRE
DIOURBEL,MBACKE,TOUBA MOSQUEE,UNIVERSITE TOUBA DAROU KHOUDOSS,59,253,ABRI PROVISOIRE
DIOURBEL,MBACKE,TOUBA MOSQUEE,UNIVERSITE TOUBA DAROU KHOUDOSS,60,252,ABRI PROVISOIRE
DIOURBEL,MBACKE,TOUBA MOSQUEE,UNIVERSITE TOUBA DAROU KHOUDOSS,61,251,ABRI PROVISOIRE
DIOURBEL,MBACKE,TOUBA MOSQUEE,UNIVERSITE TOUBA DAROU KHOUDOSS,62,253,ABRI PROVISOIRE
DIOURBEL,MBACKE,TOUBA MOSQUEE,UNIVERSITE TOUBA DAROU KHOUDOSS,63,253,ABRI PROVISOIRE
DIOURBEL,MBACKE,TOUBA MOSQUEE,UNIVERSITE TOUBA DAROU KHOUDOSS,64,251,ABRI PROVISOIRE
DIOURBEL,MBACKE,TOUBA MOSQUEE,UNIVERSITE TOUBA DAROU KHOUDOSS,65,253,ABRI PROVISOIRE
DIOURBEL,MBACKE,TOUBA MOSQUEE,UNIVERSITE TOUBA DAROU KHOUDOSS,66,254,ABRI PROVISOIRE
DIOURBEL,MBACKE,TOUBA MOSQUEE,UNIVERSITE TOUBA DAROU KHOUDOSS,67,252,ABRI PROVISOIRE
DIOURBEL,MBACKE,TOUBA MOSQUEE,UNIVERSITE TOUBA DAROU KHOUDOSS,68,252,ABRI PROVISOIRE
DIOURBEL,MBACKE,TOUBA MOSQUEE,UNIVERSITE TOUBA DAROU KHOUDOSS,69,252,ABRI PROVISOIRE
DIOURBEL,MBACKE,TOUBA MOSQUEE,UNIVERSITE TOUBA DAROU KHOUDOSS,70,253,ABRI PROVISOIRE
DIOURBEL,MBACKE,TOUBA MOSQUEE,UNIVERSITE TOUBA DAROU KHOUDOSS,71,254,ABRI PROVISOIRE
DIOURBEL,MBACKE,TOUBA MOSQUEE,UNIVERSITE TOUBA DAROU KHOUDOSS,72,253,ABRI PROVISOIRE
DIOURBEL,MBACKE,TOUBA MOSQUEE,UNIVERSITE TOUBA DAROU KHOUDOSS,73,251,ABRI PROVISOIRE
DIOURBEL,MBACKE,TOUBA MOSQUEE,UNIVERSITE TOUBA DAROU KHOUDOSS,74,253,ABRI PROVISOIRE
DIOURBEL,MBACKE,TOUBA MOSQUEE,UNIVERSITE TOUBA DAROU KHOUDOSS,75,253,ABRI PROVISOIRE
DIOURBEL,MBACKE,TOUBA MOSQUEE,UNIVERSITE TOUBA DAROU KHOUDOSS,76,251,ABRI PROVISOIRE
DIOURBEL,MBACKE,TOUBA MOSQUEE,UNIVERSITE TOUBA DAROU KHOUDOSS,77,252,ABRI PROVISOIRE
DIOURBEL,MBACKE,TOUBA MOSQUEE,UNIVERSITE TOUBA DAROU KHOUDOSS,78,252,ABRI PROVISOIRE
DIOURBEL,MBACKE,TOUBA MOSQUEE,UNIVERSITE TOUBA DAROU KHOUDOSS,79,249,ABRI PROVISOIRE
DIOURBEL,MBACKE,TOUBA MOSQUEE,UNIVERSITE TOUBA DAROU KHOUDOSS,80,253,ABRI PROVISOIRE
DIOURBEL,MBACKE,TOUBA MOSQUEE,UNIVERSITE TOUBA DAROU KHOUDOSS,81,252,ABRI PROVISOIRE
DIOURBEL,MBACKE,TOUBA MOSQUEE,UNIVERSITE TOUBA DAROU KHOUDOSS,82,254,ABRI PROVISOIRE
DIOURBEL,MBACKE,TOUBA MOSQUEE,UNIVERSITE TOUBA DAROU KHOUDOSS,83,253,ABRI PROVISOIRE
DIOURBEL,MBACKE,TOUBA MOSQUEE,UNIVERSITE TOUBA DAROU KHOUDOSS,84,252,ABRI PROVISOIRE
DIOURBEL,MBACKE,TOUBA MOSQUEE,UNIVERSITE TOUBA DAROU KHOUDOSS,85,251,ABRI PROVISOIRE
DIOURBEL,MBACKE,TOUBA MOSQUEE,UNIVERSITE TOUBA DAROU KHOUDOSS,86,253,ABRI PROVISOIRE
DIOURBEL,MBACKE,TOUBA MOSQUEE,UNIVERSITE TOUBA DAROU KHOUDOSS,87,253,ABRI PROVISOIRE
DIOURBEL,MBACKE,TOUBA MOSQUEE,UNIVERSITE TOUBA DAROU KHOUDOSS,88,253,ABRI PROVISOIRE
DIOURBEL,MBACKE,TOUBA MOSQUEE,UNIVERSITE TOUBA DAROU KHOUDOSS,89,253,ABRI PROVISOIRE
DIOURBEL,MBACKE,TOUBA MOSQUEE,UNIVERSITE TOUBA DAROU KHOUDOSS,90,252,ABRI PROVISOIRE
DIOURBEL,MBACKE,TOUBA MOSQUEE,UNIVERSITE TOUBA DAROU KHOUDOSS,91,250,ABRI PROVISOIRE
DIOURBEL,MBACKE,TOUBA MOSQUEE,UNIVERSITE TOUBA DAROU KHOUDOSS,92,253,ABRI PROVISOIRE
DIOURBEL,MBACKE,TOUBA MOSQUEE,UNIVERSITE TOUBA DAROU KHOUDOSS,93,254,ABRI PROVISOIRE
DIOURBEL,MBACKE,TOUBA MOSQUEE,UNIVERSITE TOUBA DAROU KHOUDOSS,94,252,ABRI PROVISOIRE
DIOURBEL,MBACKE,TOUBA MOSQUEE,UNIVERSITE TOUBA DAROU KHOUDOSS,95,252,ABRI PROVISOIRE
DIOURBEL,MBACKE,TOUBA MOSQUEE,UNIVERSITE TOUBA DAROU KHOUDOSS 2,1,592,ABRI PROVISOIRE
DIOURBEL,MBACKE,TOUBA MOSQUEE,UNIVERSITE TOUBA DAROU KHOUDOSS 2,2,590,ABRI PROVISOIRE
DIOURBEL,MBACKE,TOUBA MOSQUEE,UNIVERSITE TOUBA DAROU KHOUDOSS 2,3,591,ABRI PROVISOIRE
DIOURBEL,MBACKE,TOUBA MOSQUEE,UNIVERSITE TOUBA DAROU KHOUDOSS 2,4,588,ABRI PROVISOIRE
DIOURBEL,MBACKE,TOUBA MOSQUEE,UNIVERSITE TOUBA DAROU KHOUDOSS 2,5,589,ABRI PROVISOIRE
DIOURBEL,MBACKE,TOUBA MOSQUEE,UNIVERSITE TOUBA DAROU KHOUDOSS 2,6,591,ABRI PROVISOIRE
DIOURBEL,MBACKE,TOUBA MOSQUEE,UNIVERSITE TOUBA DAROU KHOUDOSS 2,7,592,ABRI PROVISOIRE
DIOURBEL,MBACKE,TOUBA MOSQUEE,UNIVERSITE TOUBA DAROU KHOUDOSS 2,8,592,ABRI PROVISOIRE
DIOURBEL,MBACKE,TOUBA MOSQUEE,UNIVERSITE TOUBA DAROU KHOUDOSS 2,9,589,ABRI PROVISOIRE
DIOURBEL,MBACKE,TOUBA MOSQUEE,UNIVERSITE TOUBA DAROU KHOUDOSS 2,10,585,ABRI PROVISOIRE
DIOURBEL,MBACKE,TOUBA MOSQUEE,UNIVERSITE TOUBA DAROU KHOUDOSS 2,11,592,ABRI PROVISOIRE
DIOURBEL,MBACKE,TOUBA MOSQUEE,UNIVERSITE TOUBA DAROU KHOUDOSS 2,12,589,ABRI PROVISOIRE
DIOURBEL,MBACKE,TOUBA MOSQUEE,UNIVERSITE TOUBA DAROU KHOUDOSS 2,13,585,ABRI PROVISOIRE
DIOURBEL,MBACKE,TOUBA MOSQUEE,UNIVERSITE TOUBA DAROU KHOUDOSS 2,14,588,ABRI PROVISOIRE
DIOURBEL,MBACKE,TOUBA MOSQUEE,UNIVERSITE TOUBA DAROU KHOUDOSS 2,15,590,ABRI PROVISOIRE
DIOURBEL,MBACKE,TOUBA MOSQUEE,UNIVERSITE TOUBA DAROU KHOUDOSS 2,16,592,ABRI PROVISOIRE
DIOURBEL,MBACKE,TOUBA MOSQUEE,UNIVERSITE TOUBA DAROU KHOUDOSS 2,17,592,ABRI PROVISOIRE
DIOURBEL,MBACKE,TOUBA MOSQUEE,UNIVERSITE TOUBA DAROU KHOUDOSS 2,18,587,ABRI PROVISOIRE
DIOURBEL,MBACKE,TOUBA MOSQUEE,UNIVERSITE TOUBA DAROU KHOUDOSS 2,19,587,ABRI PROVISOIRE
DIOURBEL,MBACKE,TOUBA MOSQUEE,UNIVERSITE TOUBA DAROU KHOUDOSS 2,20,589,ABRI PROVISOIRE
DIOURBEL,MBACKE,TOUBA MOSQUEE,UNIVERSITE TOUBA DAROU KHOUDOSS 2,21,590,ABRI PROVISOIRE
DIOURBEL,MBACKE,TOUBA MOSQUEE,UNIVERSITE TOUBA DAROU KHOUDOSS 2,22,590,ABRI PROVISOIRE
DIOURBEL,MBACKE,TOUBA MOSQUEE,UNIVERSITE TOUBA DAROU KHOUDOSS 2,23,592,ABRI PROVISOIRE
DIOURBEL,MBACKE,TOUBA MOSQUEE,UNIVERSITE TOUBA DAROU KHOUDOSS 2,24,590,ABRI PROVISOIRE
DIOURBEL,MBACKE,TOUBA MOSQUEE,UNIVERSITE TOUBA DAROU KHOUDOSS 2,25,592,ABRI PROVISOIRE
DIOURBEL,MBACKE,TOUBA MOSQUEE,UNIVERSITE TOUBA DAROU KHOUDOSS 2,26,593,ABRI PROVISOIRE
DIOURBEL,MBACKE,TOUBA MOSQUEE,UNIVERSITE TOUBA DAROU KHOUDOSS 2,27,588,ABRI PROVISOIRE
DIOURBEL,MBACKE,TOUBA MOSQUEE,UNIVERSITE TOUBA DAROU KHOUDOSS 2,28,587,ABRI PROVISOIRE
DIOURBEL,MBACKE,TOUBA MOSQUEE,UNIVERSITE TOUBA DAROU KHOUDOSS 2,29,590,ABRI PROVISOIRE
DIOURBEL,MBACKE,TOUBA MOSQUEE,UNIVERSITE TOUBA DAROU KHOUDOSS 2,30,594,ABRI PROVISOIRE
DIOURBEL,MBACKE,TOUBA MOSQUEE,UNIVERSITE TOUBA DAROU KHOUDOSS 2,31,593,ABRI PROVISOIRE
DIOURBEL,MBACKE,TOUBA MOSQUEE,UNIVERSITE TOUBA DAROU KHOUDOSS 2,32,590,ABRI PROVISOIRE
DIOURBEL,MBACKE,TOUBA MOSQUEE,UNIVERSITE TOUBA DAROU KHOUDOSS 2,33,585,ABRI PROVISOIRE
DIOURBEL,MBACKE,TOUBA MOSQUEE,UNIVERSITE TOUBA DAROU KHOUDOSS 2,34,588,ABRI PROVISOIRE
DIOURBEL,MBACKE,TOUBA MOSQUEE,UNIVERSITE TOUBA DAROU KHOUDOSS 2,35,590,ABRI PROVISOIRE
DIOURBEL,MBACKE,TOUBA MOSQUEE,UNIVERSITE TOUBA DAROU KHOUDOSS 2,36,583,ABRI PROVISOIRE
DIOURBEL,MBACKE,TOUBA MOSQUEE,UNIVERSITE TOUBA DAROU KHOUDOSS 2,37,594,ABRI UNIVERSITE (EXT LARGEUR MUR)
DIOURBEL,MBACKE,TOUBA MOSQUEE,UNIVERSITE TOUBA DAROU KHOUDOSS 2,38,594,ABRI UNIVERSITE (EXT LARGEUR MUR)
DIOURBEL,MBACKE,TOUBA MOSQUEE,UNIVERSITE TOUBA DAROU KHOUDOSS 2,39,594,ABRI UNIVERSITE (EXT LARGEUR MUR)
DIOURBEL,MBACKE,TOUBA MOSQUEE,UNIVERSITE TOUBA MADYANA,1,595,ABRI PROVISOIRE
DIOURBEL,MBACKE,TOUBA MOSQUEE,UNIVERSITE TOUBA MADYANA,2,596,ABRI PROVISOIRE
DIOURBEL,MBACKE,TOUBA MOSQUEE,UNIVERSITE TOUBA MADYANA,3,592,ABRI PROVISOIRE
DIOURBEL,MBACKE,TOUBA MOSQUEE,UNIVERSITE TOUBA MADYANA,4,596,ABRI PROVISOIRE
DIOURBEL,MBACKE,TOUBA MOSQUEE,UNIVERSITE TOUBA MADYANA,5,596,ABRI PROVISOIRE
DIOURBEL,MBACKE,TOUBA MOSQUEE,UNIVERSITE TOUBA MADYANA,6,598,ABRI PROVISOIRE
DIOURBEL,MBACKE,TOUBA MOSQUEE,UNIVERSITE TOUBA MADYANA,7,595,ABRI PROVISOIRE
DIOURBEL,MBACKE,TOUBA MOSQUEE,UNIVERSITE TOUBA MADYANA,8,596,ABRI PROVISOIRE
DIOURBEL,MBACKE,TOUBA MOSQUEE,UNIVERSITE TOUBA MADYANA,9,595,ABRI PROVISOIRE
DIOURBEL,MBACKE,TOUBA MOSQUEE,UNIVERSITE TOUBA MADYANA,10,596,ABRI PROVISOIRE
DIOURBEL,MBACKE,TOUBA MOSQUEE,UNIVERSITE TOUBA MADYANA,11,597,ABRI PROVISOIRE
DIOURBEL,MBACKE,TOUBA MOSQUEE,UNIVERSITE TOUBA MADYANA,12,593,ABRI PROVISOIRE
DIOURBEL,MBACKE,TOUBA MOSQUEE,UNIVERSITE TOUBA MADYANA,13,595,ABRI PROVISOIRE
DIOURBEL,MBACKE,TOUBA MOSQUEE,UNIVERSITE TOUBA MADYANA,14,595,ABRI PROVISOIRE
DIOURBEL,MBACKE,TOUBA MOSQUEE,UNIVERSITE TOUBA MADYANA,15,594,ABRI PROVISOIRE
DIOURBEL,MBACKE,TOUBA MOSQUEE,UNIVERSITE TOUBA MADYANA,16,595,ABRI PROVISOIRE
DIOURBEL,MBACKE,TOUBA MOSQUEE,UNIVERSITE TOUBA MADYANA,17,598,ABRI PROVISOIRE
DIOURBEL,MBACKE,TOUBA MOSQUEE,UNIVERSITE TOUBA MADYANA,18,593,ABRI PROVISOIRE
DIOURBEL,MBACKE,TOUBA MOSQUEE,UNIVERSITE TOUBA MADYANA,19,596,ABRI PROVISOIRE
DIOURBEL,MBACKE,TOUBA MOSQUEE,UNIVERSITE TOUBA MADYANA,20,596,ABRI PROVISOIRE
DIOURBEL,MBACKE,TOUBA MOSQUEE,UNIVERSITE TOUBA MADYANA,21,593,ABRI PROVISOIRE
